name,sku,attribute1,attribute2,attribute3
Food_ProductCost,MB-0001,2021-02-01,5.100466228,EUR
Food_ProductCost,MB-0001,2021-04-01,4.7560514775,EUR
Food_ProductCost,MB-0001,2021-05-01,5.2103475708,EUR
Food_ProductCost,MB-0001,2021-06-01,5.2188896766,EUR
Food_ProductCost,MB-0001,2021-10-01,5.2448660819,EUR
Food_ProductCost,MB-0001,2021-11-01,5.3330626225,EUR
Food_ProductCost,MB-0001,2022-01-01,5.6251722378,EUR
Food_ProductCost,MB-0001,2022-03-01,4.5673856619,EUR
Food_ProductCost,MB-0001,2022-04-01,4.8274795046,EUR
Food_ProductCost,MB-0001,2022-06-01,4.7799282571,EUR
Food_ProductCost,MB-0001,2022-07-01,5.8696644672,EUR
Food_ProductCost,MB-0001,2022-08-01,5.3756563574,EUR
Food_ProductCost,MB-0001,2022-09-01,5.6643529319,EUR
Food_ProductCost,MB-0001,2023-04-01,4.9324489178,EUR
Food_ProductCost,MB-0001,2023-05-01,4.7336876139,EUR
Food_ProductCost,MB-0001,2023-06-01,5.0763518392,EUR
Food_ProductCost,MB-0001,2023-08-01,4.6439116453,EUR
Food_ProductCost,MB-0001,2023-09-01,4.5780143299,EUR
Food_ProductCost,MB-0001,2021-01-01,6.5359182499,USD
Food_ProductCost,MB-0001,2021-03-01,5.8361187737,USD
Food_ProductCost,MB-0001,2021-07-01,6.016565597,USD
Food_ProductCost,MB-0001,2021-08-01,5.6546736109,USD
Food_ProductCost,MB-0001,2021-09-01,5.7705310201,USD
Food_ProductCost,MB-0001,2021-12-01,6.0350698343,USD
Food_ProductCost,MB-0001,2022-02-01,6.4490822315,USD
Food_ProductCost,MB-0001,2022-05-01,6.2672460561,USD
Food_ProductCost,MB-0001,2022-10-01,5.3378829155,USD
Food_ProductCost,MB-0001,2022-11-01,6.0233809985,USD
Food_ProductCost,MB-0001,2022-12-01,6.1575932013,USD
Food_ProductCost,MB-0001,2023-01-01,5.9266673582,USD
Food_ProductCost,MB-0001,2023-02-01,5.1142171733,USD
Food_ProductCost,MB-0001,2023-03-01,5.3320359285,USD
Food_ProductCost,MB-0001,2023-07-01,5.9012090005,USD
Food_ProductCost,MB-0001,2023-10-01,6.6460005863,USD
Food_ProductCost,MB-0001,2023-11-01,6.5998178246,USD
Food_ProductCost,MB-0001,2023-12-01,5.7987518323,USD
Food_ProductCost,MB-0002,2021-01-01,3.1382103739,EUR
Food_ProductCost,MB-0002,2021-02-01,3.5571555726,EUR
Food_ProductCost,MB-0002,2021-04-01,3.8716061902,EUR
Food_ProductCost,MB-0002,2021-05-01,3.232707148,EUR
Food_ProductCost,MB-0002,2021-09-01,4.0895430346,EUR
Food_ProductCost,MB-0002,2021-10-01,3.6310873507,EUR
Food_ProductCost,MB-0002,2021-11-01,4.0836475127,EUR
Food_ProductCost,MB-0002,2021-12-01,3.6872376775,EUR
Food_ProductCost,MB-0002,2022-02-01,3.1343651539,EUR
Food_ProductCost,MB-0002,2022-03-01,3.8716869111,EUR
Food_ProductCost,MB-0002,2022-05-01,3.8785926453,EUR
Food_ProductCost,MB-0002,2022-06-01,3.7978624693,EUR
Food_ProductCost,MB-0002,2022-08-01,3.9671114913,EUR
Food_ProductCost,MB-0002,2022-09-01,3.8093374091,EUR
Food_ProductCost,MB-0002,2022-10-01,3.7115221477,EUR
Food_ProductCost,MB-0002,2022-11-01,3.8819416737,EUR
Food_ProductCost,MB-0002,2023-01-01,3.6613358113,EUR
Food_ProductCost,MB-0002,2023-02-01,3.2504053225,EUR
Food_ProductCost,MB-0002,2023-05-01,3.800063973,EUR
Food_ProductCost,MB-0002,2023-07-01,3.4928354404,EUR
Food_ProductCost,MB-0002,2023-08-01,3.0815514299,EUR
Food_ProductCost,MB-0002,2023-10-01,3.0819427505,EUR
Food_ProductCost,MB-0002,2023-11-01,3.5043463303,EUR
Food_ProductCost,MB-0002,2023-12-01,3.9341594817,EUR
Food_ProductCost,MB-0002,2021-03-01,4.3892741616,USD
Food_ProductCost,MB-0002,2021-06-01,3.7843599368,USD
Food_ProductCost,MB-0002,2021-07-01,4.3000538669,USD
Food_ProductCost,MB-0002,2021-08-01,3.8384739713,USD
Food_ProductCost,MB-0002,2022-01-01,4.1880428825,USD
Food_ProductCost,MB-0002,2022-04-01,4.3491515724,USD
Food_ProductCost,MB-0002,2022-07-01,3.6280554944,USD
Food_ProductCost,MB-0002,2022-12-01,3.8327170578,USD
Food_ProductCost,MB-0002,2023-03-01,3.6853968974,USD
Food_ProductCost,MB-0002,2023-04-01,4.4510937389,USD
Food_ProductCost,MB-0002,2023-06-01,3.4315674558,USD
Food_ProductCost,MB-0002,2023-09-01,4.1421907638,USD
Food_ProductCost,MB-0003,2021-02-01,2.0627020521,EUR
Food_ProductCost,MB-0003,2021-03-01,1.8634143643,EUR
Food_ProductCost,MB-0003,2021-05-01,1.8911993973,EUR
Food_ProductCost,MB-0003,2021-06-01,1.8408198873,EUR
Food_ProductCost,MB-0003,2021-07-01,1.7496781018,EUR
Food_ProductCost,MB-0003,2022-04-01,1.5461396154,EUR
Food_ProductCost,MB-0003,2022-05-01,1.6991631824,EUR
Food_ProductCost,MB-0003,2022-06-01,1.6951180573,EUR
Food_ProductCost,MB-0003,2022-07-01,2.0689247584,EUR
Food_ProductCost,MB-0003,2022-08-01,1.540200738,EUR
Food_ProductCost,MB-0003,2022-09-01,1.8641309255,EUR
Food_ProductCost,MB-0003,2022-10-01,1.8489597767,EUR
Food_ProductCost,MB-0003,2022-11-01,1.7323344127,EUR
Food_ProductCost,MB-0003,2023-01-01,1.9751379707,EUR
Food_ProductCost,MB-0003,2023-07-01,2.0301601147,EUR
Food_ProductCost,MB-0003,2023-08-01,1.5364291131,EUR
Food_ProductCost,MB-0003,2023-10-01,1.5387067569,EUR
Food_ProductCost,MB-0003,2023-11-01,1.5825424779,EUR
Food_ProductCost,MB-0003,2021-01-01,2.036923402,USD
Food_ProductCost,MB-0003,2021-04-01,1.725489404,USD
Food_ProductCost,MB-0003,2021-08-01,2.0392833297,USD
Food_ProductCost,MB-0003,2021-09-01,1.8075733505,USD
Food_ProductCost,MB-0003,2021-10-01,1.9438552367,USD
Food_ProductCost,MB-0003,2021-11-01,2.1535260322,USD
Food_ProductCost,MB-0003,2021-12-01,1.8553476787,USD
Food_ProductCost,MB-0003,2022-01-01,2.1805593592,USD
Food_ProductCost,MB-0003,2022-02-01,1.8996360434,USD
Food_ProductCost,MB-0003,2022-03-01,1.8826273393,USD
Food_ProductCost,MB-0003,2022-12-01,1.9288600504,USD
Food_ProductCost,MB-0003,2023-02-01,2.2003555387,USD
Food_ProductCost,MB-0003,2023-03-01,1.8454421223,USD
Food_ProductCost,MB-0003,2023-04-01,1.7241341899,USD
Food_ProductCost,MB-0003,2023-05-01,2.2328412295,USD
Food_ProductCost,MB-0003,2023-06-01,1.9667294439,USD
Food_ProductCost,MB-0003,2023-09-01,1.8910637022,USD
Food_ProductCost,MB-0003,2023-12-01,1.7394429433,USD
Food_ProductCost,MB-0004,2021-02-01,1.4288804707,EUR
Food_ProductCost,MB-0004,2021-04-01,1.5981358238,EUR
Food_ProductCost,MB-0004,2021-06-01,1.3349049175,EUR
Food_ProductCost,MB-0004,2021-12-01,1.4375886021,EUR
Food_ProductCost,MB-0004,2022-01-01,1.5123557948,EUR
Food_ProductCost,MB-0004,2022-02-01,1.637080655,EUR
Food_ProductCost,MB-0004,2022-03-01,1.3955866863,EUR
Food_ProductCost,MB-0004,2022-07-01,1.3358060423,EUR
Food_ProductCost,MB-0004,2022-08-01,1.5835285525,EUR
Food_ProductCost,MB-0004,2022-09-01,1.6640019196,EUR
Food_ProductCost,MB-0004,2022-12-01,1.4315810658,EUR
Food_ProductCost,MB-0004,2023-01-01,1.5746492819,EUR
Food_ProductCost,MB-0004,2023-03-01,1.4848354846,EUR
Food_ProductCost,MB-0004,2023-04-01,1.6442361408,EUR
Food_ProductCost,MB-0004,2023-07-01,1.3694672867,EUR
Food_ProductCost,MB-0004,2023-10-01,1.5082194103,EUR
Food_ProductCost,MB-0004,2021-01-01,1.4496824981,USD
Food_ProductCost,MB-0004,2021-03-01,1.4918222204,USD
Food_ProductCost,MB-0004,2021-05-01,1.5785412124,USD
Food_ProductCost,MB-0004,2021-07-01,1.3770445588,USD
Food_ProductCost,MB-0004,2021-08-01,1.7105170599,USD
Food_ProductCost,MB-0004,2021-09-01,1.8519178223,USD
Food_ProductCost,MB-0004,2021-10-01,1.7517689264,USD
Food_ProductCost,MB-0004,2021-11-01,1.8296192137,USD
Food_ProductCost,MB-0004,2022-04-01,1.6883943371,USD
Food_ProductCost,MB-0004,2022-05-01,1.593734236,USD
Food_ProductCost,MB-0004,2022-06-01,1.548244992,USD
Food_ProductCost,MB-0004,2022-10-01,1.5388224533,USD
Food_ProductCost,MB-0004,2022-11-01,1.6756225986,USD
Food_ProductCost,MB-0004,2023-02-01,1.4020539652,USD
Food_ProductCost,MB-0004,2023-05-01,1.6242850428,USD
Food_ProductCost,MB-0004,2023-06-01,1.5633462359,USD
Food_ProductCost,MB-0004,2023-08-01,1.3969822981,USD
Food_ProductCost,MB-0004,2023-09-01,1.6119351726,USD
Food_ProductCost,MB-0004,2023-11-01,1.6944476487,USD
Food_ProductCost,MB-0004,2023-12-01,1.604782123,USD
Food_ProductCost,MB-0005,2021-01-01,2.8607133902,EUR
Food_ProductCost,MB-0005,2021-02-01,2.7984621435,EUR
Food_ProductCost,MB-0005,2021-04-01,3.051082055,EUR
Food_ProductCost,MB-0005,2021-06-01,3.0743259175,EUR
Food_ProductCost,MB-0005,2021-07-01,2.7953552607,EUR
Food_ProductCost,MB-0005,2021-09-01,3.0296257616,EUR
Food_ProductCost,MB-0005,2021-10-01,3.1803052851,EUR
Food_ProductCost,MB-0005,2022-02-01,2.9809721965,EUR
Food_ProductCost,MB-0005,2022-03-01,3.0046478806,EUR
Food_ProductCost,MB-0005,2022-06-01,3.137024915,EUR
Food_ProductCost,MB-0005,2022-10-01,2.6510614711,EUR
Food_ProductCost,MB-0005,2022-12-01,2.4884320532,EUR
Food_ProductCost,MB-0005,2023-03-01,3.2352714761,EUR
Food_ProductCost,MB-0005,2023-04-01,3.3444154288,EUR
Food_ProductCost,MB-0005,2023-07-01,2.9358703289,EUR
Food_ProductCost,MB-0005,2023-09-01,2.7421233369,EUR
Food_ProductCost,MB-0005,2023-10-01,2.5144829065,EUR
Food_ProductCost,MB-0005,2021-03-01,3.5565265534,USD
Food_ProductCost,MB-0005,2021-05-01,2.8224260931,USD
Food_ProductCost,MB-0005,2021-08-01,3.282587039,USD
Food_ProductCost,MB-0005,2021-11-01,3.6504378117,USD
Food_ProductCost,MB-0005,2021-12-01,3.5727577022,USD
Food_ProductCost,MB-0005,2022-01-01,3.2803218062,USD
Food_ProductCost,MB-0005,2022-04-01,2.7792707755,USD
Food_ProductCost,MB-0005,2022-05-01,3.3908417566,USD
Food_ProductCost,MB-0005,2022-07-01,3.2645436743,USD
Food_ProductCost,MB-0005,2022-08-01,2.7854868675,USD
Food_ProductCost,MB-0005,2022-09-01,3.6143873402,USD
Food_ProductCost,MB-0005,2022-11-01,3.0411740281,USD
Food_ProductCost,MB-0005,2023-01-01,2.7250842975,USD
Food_ProductCost,MB-0005,2023-02-01,3.3326799285,USD
Food_ProductCost,MB-0005,2023-05-01,3.4769527497,USD
Food_ProductCost,MB-0005,2023-06-01,2.9195514001,USD
Food_ProductCost,MB-0005,2023-08-01,3.5888595754,USD
Food_ProductCost,MB-0005,2023-11-01,3.546592548,USD
Food_ProductCost,MB-0005,2023-12-01,2.9913412368,USD
Food_ProductCost,MB-0006,2021-02-01,4.6595174784,EUR
Food_ProductCost,MB-0006,2021-03-01,3.8622152313,EUR
Food_ProductCost,MB-0006,2021-05-01,4.9769203973,EUR
Food_ProductCost,MB-0006,2021-06-01,4.724611926,EUR
Food_ProductCost,MB-0006,2021-08-01,3.8807402632,EUR
Food_ProductCost,MB-0006,2021-10-01,4.8093622469,EUR
Food_ProductCost,MB-0006,2021-11-01,4.3909288997,EUR
Food_ProductCost,MB-0006,2022-01-01,4.3080595971,EUR
Food_ProductCost,MB-0006,2022-04-01,4.1372141099,EUR
Food_ProductCost,MB-0006,2022-07-01,4.9549559304,EUR
Food_ProductCost,MB-0006,2022-08-01,3.7941893028,EUR
Food_ProductCost,MB-0006,2022-09-01,4.8795156016,EUR
Food_ProductCost,MB-0006,2022-10-01,4.3705557329,EUR
Food_ProductCost,MB-0006,2022-11-01,4.6088917828,EUR
Food_ProductCost,MB-0006,2022-12-01,4.7394509031,EUR
Food_ProductCost,MB-0006,2023-01-01,3.9117451343,EUR
Food_ProductCost,MB-0006,2023-02-01,4.4572269221,EUR
Food_ProductCost,MB-0006,2023-03-01,4.7172861382,EUR
Food_ProductCost,MB-0006,2023-04-01,4.3419057653,EUR
Food_ProductCost,MB-0006,2023-10-01,5.0000664357,EUR
Food_ProductCost,MB-0006,2023-11-01,4.921918523,EUR
Food_ProductCost,MB-0006,2021-01-01,4.3423811434,USD
Food_ProductCost,MB-0006,2021-04-01,5.0213422122,USD
Food_ProductCost,MB-0006,2021-07-01,5.0267778865,USD
Food_ProductCost,MB-0006,2021-09-01,5.1110282347,USD
Food_ProductCost,MB-0006,2021-12-01,4.4477642759,USD
Food_ProductCost,MB-0006,2022-02-01,5.3320652336,USD
Food_ProductCost,MB-0006,2022-03-01,4.5324640477,USD
Food_ProductCost,MB-0006,2022-05-01,5.2254074149,USD
Food_ProductCost,MB-0006,2022-06-01,4.4895008004,USD
Food_ProductCost,MB-0006,2023-05-01,4.9417440087,USD
Food_ProductCost,MB-0006,2023-06-01,4.3469694071,USD
Food_ProductCost,MB-0006,2023-07-01,4.3679307708,USD
Food_ProductCost,MB-0006,2023-08-01,5.1927655235,USD
Food_ProductCost,MB-0006,2023-09-01,4.4963495133,USD
Food_ProductCost,MB-0006,2023-12-01,4.4383634563,USD
Food_ProductCost,MB-0007,2021-01-01,4.2755708176,EUR
Food_ProductCost,MB-0007,2021-02-01,4.4432413692,EUR
Food_ProductCost,MB-0007,2021-03-01,4.8333869161,EUR
Food_ProductCost,MB-0007,2021-04-01,4.3915939668,EUR
Food_ProductCost,MB-0007,2021-05-01,4.684559892,EUR
Food_ProductCost,MB-0007,2021-06-01,5.01260452,EUR
Food_ProductCost,MB-0007,2021-07-01,5.2385320753,EUR
Food_ProductCost,MB-0007,2021-09-01,4.2757668268,EUR
Food_ProductCost,MB-0007,2021-11-01,4.124593242,EUR
Food_ProductCost,MB-0007,2022-05-01,5.1368451498,EUR
Food_ProductCost,MB-0007,2022-06-01,5.065758958,EUR
Food_ProductCost,MB-0007,2022-07-01,4.1800435751,EUR
Food_ProductCost,MB-0007,2022-08-01,4.0517269818,EUR
Food_ProductCost,MB-0007,2022-11-01,4.4861397748,EUR
Food_ProductCost,MB-0007,2023-02-01,5.0785227446,EUR
Food_ProductCost,MB-0007,2023-06-01,4.4527733202,EUR
Food_ProductCost,MB-0007,2023-07-01,4.6274206009,EUR
Food_ProductCost,MB-0007,2023-10-01,5.2058100796,EUR
Food_ProductCost,MB-0007,2023-12-01,4.5468830027,EUR
Food_ProductCost,MB-0007,2021-08-01,5.8777379379,USD
Food_ProductCost,MB-0007,2021-10-01,5.0247639205,USD
Food_ProductCost,MB-0007,2021-12-01,5.0599599988,USD
Food_ProductCost,MB-0007,2022-01-01,5.8948323481,USD
Food_ProductCost,MB-0007,2022-02-01,4.9543577067,USD
Food_ProductCost,MB-0007,2022-03-01,4.7620490589,USD
Food_ProductCost,MB-0007,2022-04-01,4.8368342713,USD
Food_ProductCost,MB-0007,2022-09-01,5.8260494703,USD
Food_ProductCost,MB-0007,2022-10-01,5.4249966919,USD
Food_ProductCost,MB-0007,2022-12-01,5.4625382037,USD
Food_ProductCost,MB-0007,2023-01-01,5.708857095,USD
Food_ProductCost,MB-0007,2023-03-01,4.9808877438,USD
Food_ProductCost,MB-0007,2023-04-01,5.1983344319,USD
Food_ProductCost,MB-0007,2023-05-01,4.9667009236,USD
Food_ProductCost,MB-0007,2023-08-01,5.3408361165,USD
Food_ProductCost,MB-0007,2023-09-01,4.4162246277,USD
Food_ProductCost,MB-0007,2023-11-01,5.6478794341,USD
Food_ProductCost,MB-0008,2021-04-01,9.2052086133,EUR
Food_ProductCost,MB-0008,2021-09-01,10.3140531223,EUR
Food_ProductCost,MB-0008,2021-10-01,9.9084782471,EUR
Food_ProductCost,MB-0008,2022-05-01,8.4365057491,EUR
Food_ProductCost,MB-0008,2022-08-01,10.8409028424,EUR
Food_ProductCost,MB-0008,2022-10-01,8.6179469063,EUR
Food_ProductCost,MB-0008,2022-11-01,9.9859128476,EUR
Food_ProductCost,MB-0008,2023-01-01,9.4218262308,EUR
Food_ProductCost,MB-0008,2023-02-01,10.3372628419,EUR
Food_ProductCost,MB-0008,2023-05-01,8.6497839211,EUR
Food_ProductCost,MB-0008,2023-06-01,9.0985160584,EUR
Food_ProductCost,MB-0008,2023-08-01,8.4515551923,EUR
Food_ProductCost,MB-0008,2023-10-01,8.3624844955,EUR
Food_ProductCost,MB-0008,2023-11-01,8.5022688387,EUR
Food_ProductCost,MB-0008,2021-01-01,9.5470760697,USD
Food_ProductCost,MB-0008,2021-02-01,10.0617522517,USD
Food_ProductCost,MB-0008,2021-03-01,10.7675319533,USD
Food_ProductCost,MB-0008,2021-05-01,11.5313290939,USD
Food_ProductCost,MB-0008,2021-06-01,11.134081727,USD
Food_ProductCost,MB-0008,2021-07-01,9.7011443403,USD
Food_ProductCost,MB-0008,2021-08-01,11.7277652226,USD
Food_ProductCost,MB-0008,2021-11-01,10.9402155397,USD
Food_ProductCost,MB-0008,2021-12-01,11.8088201436,USD
Food_ProductCost,MB-0008,2022-01-01,10.2987280416,USD
Food_ProductCost,MB-0008,2022-02-01,9.9187217776,USD
Food_ProductCost,MB-0008,2022-03-01,10.8006777633,USD
Food_ProductCost,MB-0008,2022-04-01,9.0833643518,USD
Food_ProductCost,MB-0008,2022-06-01,9.7912968692,USD
Food_ProductCost,MB-0008,2022-07-01,9.0889373214,USD
Food_ProductCost,MB-0008,2022-09-01,10.6963458521,USD
Food_ProductCost,MB-0008,2022-12-01,9.8153930826,USD
Food_ProductCost,MB-0008,2023-03-01,9.1294196728,USD
Food_ProductCost,MB-0008,2023-04-01,11.7468754962,USD
Food_ProductCost,MB-0008,2023-07-01,9.1466746047,USD
Food_ProductCost,MB-0008,2023-09-01,11.7416692558,USD
Food_ProductCost,MB-0008,2023-12-01,11.8241812067,USD
Food_ProductCost,MB-0009,2021-03-01,14.6242425265,EUR
Food_ProductCost,MB-0009,2021-04-01,13.6044148224,EUR
Food_ProductCost,MB-0009,2021-08-01,13.5367383015,EUR
Food_ProductCost,MB-0009,2021-12-01,13.1805375373,EUR
Food_ProductCost,MB-0009,2022-01-01,12.8665476057,EUR
Food_ProductCost,MB-0009,2022-04-01,14.3092927988,EUR
Food_ProductCost,MB-0009,2022-06-01,16.1089214923,EUR
Food_ProductCost,MB-0009,2022-07-01,12.4403906766,EUR
Food_ProductCost,MB-0009,2022-08-01,15.2706727686,EUR
Food_ProductCost,MB-0009,2022-10-01,13.6051996234,EUR
Food_ProductCost,MB-0009,2022-11-01,15.0178539449,EUR
Food_ProductCost,MB-0009,2023-02-01,14.2391106088,EUR
Food_ProductCost,MB-0009,2023-06-01,15.612287794,EUR
Food_ProductCost,MB-0009,2023-09-01,12.8626843429,EUR
Food_ProductCost,MB-0009,2021-01-01,14.6955605646,USD
Food_ProductCost,MB-0009,2021-02-01,13.4739287524,USD
Food_ProductCost,MB-0009,2021-05-01,17.6015908123,USD
Food_ProductCost,MB-0009,2021-06-01,16.8541461661,USD
Food_ProductCost,MB-0009,2021-07-01,15.8548829612,USD
Food_ProductCost,MB-0009,2021-09-01,13.1701838357,USD
Food_ProductCost,MB-0009,2021-10-01,15.594196048,USD
Food_ProductCost,MB-0009,2021-11-01,14.8476066996,USD
Food_ProductCost,MB-0009,2022-02-01,13.3146306479,USD
Food_ProductCost,MB-0009,2022-03-01,15.4949334045,USD
Food_ProductCost,MB-0009,2022-05-01,14.1370740834,USD
Food_ProductCost,MB-0009,2022-09-01,17.5905708057,USD
Food_ProductCost,MB-0009,2022-12-01,17.4592161472,USD
Food_ProductCost,MB-0009,2023-01-01,17.6922911664,USD
Food_ProductCost,MB-0009,2023-03-01,13.9277101904,USD
Food_ProductCost,MB-0009,2023-04-01,14.3234173085,USD
Food_ProductCost,MB-0009,2023-05-01,15.0538382214,USD
Food_ProductCost,MB-0009,2023-07-01,15.0252885343,USD
Food_ProductCost,MB-0009,2023-08-01,17.5372763531,USD
Food_ProductCost,MB-0009,2023-10-01,14.5424772284,USD
Food_ProductCost,MB-0009,2023-11-01,13.2407007572,USD
Food_ProductCost,MB-0009,2023-12-01,17.3890263083,USD
Food_ProductCost,MB-0010,2021-02-01,0.3384715773,EUR
Food_ProductCost,MB-0010,2021-03-01,0.3441107429,EUR
Food_ProductCost,MB-0010,2021-05-01,0.3000800662,EUR
Food_ProductCost,MB-0010,2021-09-01,0.3481070726,EUR
Food_ProductCost,MB-0010,2022-03-01,0.3081164008,EUR
Food_ProductCost,MB-0010,2022-04-01,0.3496855198,EUR
Food_ProductCost,MB-0010,2022-06-01,0.3942538247,EUR
Food_ProductCost,MB-0010,2022-07-01,0.3438832308,EUR
Food_ProductCost,MB-0010,2022-09-01,0.3736361119,EUR
Food_ProductCost,MB-0010,2022-10-01,0.3636517338,EUR
Food_ProductCost,MB-0010,2022-12-01,0.3307691281,EUR
Food_ProductCost,MB-0010,2023-01-01,0.3200778838,EUR
Food_ProductCost,MB-0010,2023-05-01,0.2957457009,EUR
Food_ProductCost,MB-0010,2023-06-01,0.3686788365,EUR
Food_ProductCost,MB-0010,2023-07-01,0.3007334745,EUR
Food_ProductCost,MB-0010,2023-08-01,0.3645506379,EUR
Food_ProductCost,MB-0010,2023-09-01,0.3055109235,EUR
Food_ProductCost,MB-0010,2023-10-01,0.2951981242,EUR
Food_ProductCost,MB-0010,2021-01-01,0.3863559374,USD
Food_ProductCost,MB-0010,2021-04-01,0.3644048358,USD
Food_ProductCost,MB-0010,2021-06-01,0.3616569476,USD
Food_ProductCost,MB-0010,2021-07-01,0.3538094092,USD
Food_ProductCost,MB-0010,2021-08-01,0.3291899378,USD
Food_ProductCost,MB-0010,2021-10-01,0.3744755823,USD
Food_ProductCost,MB-0010,2021-11-01,0.3650976203,USD
Food_ProductCost,MB-0010,2021-12-01,0.3824333106,USD
Food_ProductCost,MB-0010,2022-01-01,0.3557461978,USD
Food_ProductCost,MB-0010,2022-02-01,0.3674805905,USD
Food_ProductCost,MB-0010,2022-05-01,0.4088751359,USD
Food_ProductCost,MB-0010,2022-08-01,0.3364332013,USD
Food_ProductCost,MB-0010,2022-11-01,0.3349413822,USD
Food_ProductCost,MB-0010,2023-02-01,0.3609495239,USD
Food_ProductCost,MB-0010,2023-03-01,0.4311645773,USD
Food_ProductCost,MB-0010,2023-04-01,0.3348963004,USD
Food_ProductCost,MB-0010,2023-11-01,0.3534702357,USD
Food_ProductCost,MB-0010,2023-12-01,0.3466265175,USD
Food_ProductCost,MB-0012,2021-02-01,0.996861927,EUR
Food_ProductCost,MB-0012,2021-03-01,0.9587911073,EUR
Food_ProductCost,MB-0012,2021-05-01,1.022195108,EUR
Food_ProductCost,MB-0012,2021-06-01,1.0943265422,EUR
Food_ProductCost,MB-0012,2021-07-01,1.0068721634,EUR
Food_ProductCost,MB-0012,2021-09-01,1.0661931517,EUR
Food_ProductCost,MB-0012,2021-11-01,1.0309800331,EUR
Food_ProductCost,MB-0012,2022-04-01,0.9188432391,EUR
Food_ProductCost,MB-0012,2022-06-01,1.0115266822,EUR
Food_ProductCost,MB-0012,2022-10-01,0.9897691277,EUR
Food_ProductCost,MB-0012,2022-12-01,0.8921266339,EUR
Food_ProductCost,MB-0012,2023-02-01,1.0001563506,EUR
Food_ProductCost,MB-0012,2023-03-01,1.0814356196,EUR
Food_ProductCost,MB-0012,2023-04-01,0.9881273062,EUR
Food_ProductCost,MB-0012,2023-05-01,1.0402550207,EUR
Food_ProductCost,MB-0012,2023-06-01,0.9490990499,EUR
Food_ProductCost,MB-0012,2023-07-01,0.9683831089,EUR
Food_ProductCost,MB-0012,2023-08-01,0.8963026493,EUR
Food_ProductCost,MB-0012,2023-09-01,1.0834638266,EUR
Food_ProductCost,MB-0012,2023-10-01,1.0242232352,EUR
Food_ProductCost,MB-0012,2023-11-01,1.0506880743,EUR
Food_ProductCost,MB-0012,2021-01-01,1.1588372287,USD
Food_ProductCost,MB-0012,2021-04-01,0.9585394585,USD
Food_ProductCost,MB-0012,2021-08-01,1.1145322331,USD
Food_ProductCost,MB-0012,2021-10-01,0.9725636143,USD
Food_ProductCost,MB-0012,2021-12-01,1.1526647462,USD
Food_ProductCost,MB-0012,2022-01-01,1.0569007274,USD
Food_ProductCost,MB-0012,2022-02-01,1.0930670897,USD
Food_ProductCost,MB-0012,2022-03-01,1.1406138761,USD
Food_ProductCost,MB-0012,2022-05-01,1.1185013541,USD
Food_ProductCost,MB-0012,2022-07-01,1.0276213419,USD
Food_ProductCost,MB-0012,2022-08-01,1.2256609089,USD
Food_ProductCost,MB-0012,2022-09-01,1.1387806607,USD
Food_ProductCost,MB-0012,2022-11-01,0.9759510622,USD
Food_ProductCost,MB-0012,2023-01-01,1.1087309791,USD
Food_ProductCost,MB-0012,2023-12-01,0.9864317405,USD
Food_ProductCost,MB-0013,2021-01-01,1.4289477318,EUR
Food_ProductCost,MB-0013,2021-04-01,1.6934208127,EUR
Food_ProductCost,MB-0013,2021-05-01,1.5597473283,EUR
Food_ProductCost,MB-0013,2021-09-01,1.4930062497,EUR
Food_ProductCost,MB-0013,2021-10-01,1.7970972395,EUR
Food_ProductCost,MB-0013,2021-11-01,1.3951814124,EUR
Food_ProductCost,MB-0013,2022-01-01,1.5873850553,EUR
Food_ProductCost,MB-0013,2022-02-01,1.757444839,EUR
Food_ProductCost,MB-0013,2022-08-01,1.7556933624,EUR
Food_ProductCost,MB-0013,2022-09-01,1.6075798689,EUR
Food_ProductCost,MB-0013,2022-11-01,1.4489075237,EUR
Food_ProductCost,MB-0013,2022-12-01,1.614841449,EUR
Food_ProductCost,MB-0013,2023-01-01,1.7388614847,EUR
Food_ProductCost,MB-0013,2023-03-01,1.6267742515,EUR
Food_ProductCost,MB-0013,2023-04-01,1.6157807964,EUR
Food_ProductCost,MB-0013,2023-08-01,1.4056946637,EUR
Food_ProductCost,MB-0013,2023-09-01,1.6024832292,EUR
Food_ProductCost,MB-0013,2023-10-01,1.790684444,EUR
Food_ProductCost,MB-0013,2023-12-01,1.8599312919,EUR
Food_ProductCost,MB-0013,2021-02-01,1.8629211625,USD
Food_ProductCost,MB-0013,2021-03-01,1.6253016043,USD
Food_ProductCost,MB-0013,2021-06-01,1.9808693814,USD
Food_ProductCost,MB-0013,2021-07-01,2.054962558,USD
Food_ProductCost,MB-0013,2021-08-01,1.8951409851,USD
Food_ProductCost,MB-0013,2021-12-01,1.5572133154,USD
Food_ProductCost,MB-0013,2022-03-01,1.9900561887,USD
Food_ProductCost,MB-0013,2022-04-01,1.6187028286,USD
Food_ProductCost,MB-0013,2022-05-01,1.855147866,USD
Food_ProductCost,MB-0013,2022-06-01,1.9662653473,USD
Food_ProductCost,MB-0013,2022-07-01,1.8559546522,USD
Food_ProductCost,MB-0013,2022-10-01,1.810910799,USD
Food_ProductCost,MB-0013,2023-02-01,1.5989489317,USD
Food_ProductCost,MB-0013,2023-05-01,1.8114454584,USD
Food_ProductCost,MB-0013,2023-06-01,1.8769150237,USD
Food_ProductCost,MB-0013,2023-07-01,1.8450686191,USD
Food_ProductCost,MB-0013,2023-11-01,1.777370031,USD
Food_ProductCost,MB-0014,2021-02-01,3.3651541261,EUR
Food_ProductCost,MB-0014,2021-03-01,3.6722827358,EUR
Food_ProductCost,MB-0014,2021-04-01,3.1553336168,EUR
Food_ProductCost,MB-0014,2021-05-01,2.9123642938,EUR
Food_ProductCost,MB-0014,2021-06-01,3.3336208603,EUR
Food_ProductCost,MB-0014,2021-08-01,3.646075429,EUR
Food_ProductCost,MB-0014,2021-09-01,3.0803096782,EUR
Food_ProductCost,MB-0014,2021-12-01,3.524125273,EUR
Food_ProductCost,MB-0014,2022-02-01,3.101492749,EUR
Food_ProductCost,MB-0014,2022-04-01,3.2282423063,EUR
Food_ProductCost,MB-0014,2022-05-01,3.7889104902,EUR
Food_ProductCost,MB-0014,2022-11-01,3.7551748786,EUR
Food_ProductCost,MB-0014,2023-01-01,3.6960441563,EUR
Food_ProductCost,MB-0014,2023-02-01,3.3497711313,EUR
Food_ProductCost,MB-0014,2023-03-01,3.7124325078,EUR
Food_ProductCost,MB-0014,2023-04-01,2.9043489265,EUR
Food_ProductCost,MB-0014,2023-06-01,3.7892620616,EUR
Food_ProductCost,MB-0014,2023-12-01,3.4285176797,EUR
Food_ProductCost,MB-0014,2021-01-01,3.2411302708,USD
Food_ProductCost,MB-0014,2021-07-01,3.2518498344,USD
Food_ProductCost,MB-0014,2021-10-01,3.3565812207,USD
Food_ProductCost,MB-0014,2021-11-01,3.5965778633,USD
Food_ProductCost,MB-0014,2022-01-01,3.1228685354,USD
Food_ProductCost,MB-0014,2022-03-01,3.5856014011,USD
Food_ProductCost,MB-0014,2022-06-01,3.3500941158,USD
Food_ProductCost,MB-0014,2022-07-01,3.1856500789,USD
Food_ProductCost,MB-0014,2022-08-01,3.636611157,USD
Food_ProductCost,MB-0014,2022-09-01,3.6086568321,USD
Food_ProductCost,MB-0014,2022-10-01,3.7413403462,USD
Food_ProductCost,MB-0014,2022-12-01,3.2461788896,USD
Food_ProductCost,MB-0014,2023-05-01,3.5275038636,USD
Food_ProductCost,MB-0014,2023-07-01,3.2806644287,USD
Food_ProductCost,MB-0014,2023-08-01,3.4356887498,USD
Food_ProductCost,MB-0014,2023-09-01,3.887822557,USD
Food_ProductCost,MB-0014,2023-10-01,3.4532672818,USD
Food_ProductCost,MB-0014,2023-11-01,3.5508870948,USD
Food_ProductCost,MB-0015,2021-03-01,4.904893399,EUR
Food_ProductCost,MB-0015,2021-06-01,5.1739764787,EUR
Food_ProductCost,MB-0015,2021-09-01,5.4071765711,EUR
Food_ProductCost,MB-0015,2021-11-01,4.5920570646,EUR
Food_ProductCost,MB-0015,2021-12-01,5.3778192427,EUR
Food_ProductCost,MB-0015,2022-01-01,4.0578558757,EUR
Food_ProductCost,MB-0015,2022-02-01,4.6277922785,EUR
Food_ProductCost,MB-0015,2022-03-01,4.868342496,EUR
Food_ProductCost,MB-0015,2022-04-01,5.1723426317,EUR
Food_ProductCost,MB-0015,2022-05-01,4.4528140252,EUR
Food_ProductCost,MB-0015,2022-06-01,4.3011475467,EUR
Food_ProductCost,MB-0015,2022-07-01,5.2852493638,EUR
Food_ProductCost,MB-0015,2022-08-01,4.481240509,EUR
Food_ProductCost,MB-0015,2022-09-01,5.3771938746,EUR
Food_ProductCost,MB-0015,2022-10-01,5.3165588027,EUR
Food_ProductCost,MB-0015,2022-12-01,4.6055178723,EUR
Food_ProductCost,MB-0015,2023-06-01,4.3524482323,EUR
Food_ProductCost,MB-0015,2023-08-01,4.0625113155,EUR
Food_ProductCost,MB-0015,2023-11-01,4.0632491677,EUR
Food_ProductCost,MB-0015,2023-12-01,4.2012922784,EUR
Food_ProductCost,MB-0015,2021-01-01,5.517697105,USD
Food_ProductCost,MB-0015,2021-02-01,5.9785717917,USD
Food_ProductCost,MB-0015,2021-04-01,4.8452905236,USD
Food_ProductCost,MB-0015,2021-05-01,4.5924424699,USD
Food_ProductCost,MB-0015,2021-07-01,5.5607518371,USD
Food_ProductCost,MB-0015,2021-08-01,5.3578555773,USD
Food_ProductCost,MB-0015,2021-10-01,4.5407114333,USD
Food_ProductCost,MB-0015,2022-11-01,5.9032938019,USD
Food_ProductCost,MB-0015,2023-01-01,4.6110643026,USD
Food_ProductCost,MB-0015,2023-02-01,4.9714686997,USD
Food_ProductCost,MB-0015,2023-03-01,4.4387178452,USD
Food_ProductCost,MB-0015,2023-04-01,4.8069770568,USD
Food_ProductCost,MB-0015,2023-05-01,4.7974307225,USD
Food_ProductCost,MB-0015,2023-07-01,4.7125791162,USD
Food_ProductCost,MB-0015,2023-09-01,5.5540050012,USD
Food_ProductCost,MB-0015,2023-10-01,5.2180463716,USD
Food_ProductCost,MB-0016,2021-01-01,2.8706593998,EUR
Food_ProductCost,MB-0016,2021-03-01,3.4859634306,EUR
Food_ProductCost,MB-0016,2021-04-01,3.4588127866,EUR
Food_ProductCost,MB-0016,2021-06-01,2.9362510568,EUR
Food_ProductCost,MB-0016,2021-07-01,3.1636464459,EUR
Food_ProductCost,MB-0016,2021-08-01,3.2822027136,EUR
Food_ProductCost,MB-0016,2021-10-01,2.8391659016,EUR
Food_ProductCost,MB-0016,2021-12-01,2.8878376667,EUR
Food_ProductCost,MB-0016,2022-01-01,2.8064976706,EUR
Food_ProductCost,MB-0016,2022-03-01,3.3144521344,EUR
Food_ProductCost,MB-0016,2022-05-01,3.5745028994,EUR
Food_ProductCost,MB-0016,2022-06-01,3.7521780519,EUR
Food_ProductCost,MB-0016,2022-08-01,2.8559810817,EUR
Food_ProductCost,MB-0016,2022-09-01,2.8421349736,EUR
Food_ProductCost,MB-0016,2022-11-01,2.9948503348,EUR
Food_ProductCost,MB-0016,2023-03-01,3.5558301551,EUR
Food_ProductCost,MB-0016,2023-05-01,3.2349910816,EUR
Food_ProductCost,MB-0016,2023-06-01,3.2957723386,EUR
Food_ProductCost,MB-0016,2023-07-01,3.7547804886,EUR
Food_ProductCost,MB-0016,2023-09-01,3.388187728,EUR
Food_ProductCost,MB-0016,2023-10-01,3.1285465185,EUR
Food_ProductCost,MB-0016,2021-02-01,3.5921393329,USD
Food_ProductCost,MB-0016,2021-05-01,3.4325245676,USD
Food_ProductCost,MB-0016,2021-09-01,3.7930848146,USD
Food_ProductCost,MB-0016,2021-11-01,3.171910143,USD
Food_ProductCost,MB-0016,2022-02-01,3.4895212632,USD
Food_ProductCost,MB-0016,2022-04-01,3.538553422,USD
Food_ProductCost,MB-0016,2022-07-01,4.0391701149,USD
Food_ProductCost,MB-0016,2022-10-01,3.1360716846,USD
Food_ProductCost,MB-0016,2022-12-01,3.8137398557,USD
Food_ProductCost,MB-0016,2023-01-01,3.3855681504,USD
Food_ProductCost,MB-0016,2023-02-01,3.1470465335,USD
Food_ProductCost,MB-0016,2023-04-01,3.3688492882,USD
Food_ProductCost,MB-0016,2023-08-01,3.1226860027,USD
Food_ProductCost,MB-0016,2023-11-01,3.6218495226,USD
Food_ProductCost,MB-0016,2023-12-01,3.841405403,USD
Food_ProductCost,MB-0017,2021-03-01,6.0654852253,EUR
Food_ProductCost,MB-0017,2021-04-01,6.7881204949,EUR
Food_ProductCost,MB-0017,2021-05-01,6.5602849096,EUR
Food_ProductCost,MB-0017,2021-10-01,5.6883692825,EUR
Food_ProductCost,MB-0017,2021-11-01,6.6265230285,EUR
Food_ProductCost,MB-0017,2022-01-01,6.4815823209,EUR
Food_ProductCost,MB-0017,2022-08-01,6.4121019868,EUR
Food_ProductCost,MB-0017,2022-10-01,6.3676119796,EUR
Food_ProductCost,MB-0017,2022-12-01,5.9473140079,EUR
Food_ProductCost,MB-0017,2023-01-01,6.8669814057,EUR
Food_ProductCost,MB-0017,2023-05-01,6.5542342292,EUR
Food_ProductCost,MB-0017,2023-06-01,6.1591676891,EUR
Food_ProductCost,MB-0017,2023-08-01,6.9046361007,EUR
Food_ProductCost,MB-0017,2023-10-01,6.7693167708,EUR
Food_ProductCost,MB-0017,2023-11-01,6.9788524718,EUR
Food_ProductCost,MB-0017,2023-12-01,7.0973081803,EUR
Food_ProductCost,MB-0017,2021-01-01,7.0345547571,USD
Food_ProductCost,MB-0017,2021-02-01,6.5354051303,USD
Food_ProductCost,MB-0017,2021-06-01,6.1878541246,USD
Food_ProductCost,MB-0017,2021-07-01,7.2031444264,USD
Food_ProductCost,MB-0017,2021-08-01,8.0634376077,USD
Food_ProductCost,MB-0017,2021-09-01,6.8680244424,USD
Food_ProductCost,MB-0017,2021-12-01,6.8664066294,USD
Food_ProductCost,MB-0017,2022-02-01,6.6676286282,USD
Food_ProductCost,MB-0017,2022-03-01,6.5280587572,USD
Food_ProductCost,MB-0017,2022-04-01,7.6447869465,USD
Food_ProductCost,MB-0017,2022-05-01,7.4727606778,USD
Food_ProductCost,MB-0017,2022-06-01,7.9291233638,USD
Food_ProductCost,MB-0017,2022-07-01,7.4059969512,USD
Food_ProductCost,MB-0017,2022-09-01,7.2790044679,USD
Food_ProductCost,MB-0017,2022-11-01,7.1983873616,USD
Food_ProductCost,MB-0017,2023-02-01,6.2330546014,USD
Food_ProductCost,MB-0017,2023-03-01,6.5854981986,USD
Food_ProductCost,MB-0017,2023-04-01,7.9314839294,USD
Food_ProductCost,MB-0017,2023-07-01,7.3930917761,USD
Food_ProductCost,MB-0017,2023-09-01,7.034215226,USD
Food_ProductCost,MB-0018,2021-01-01,10.0446883816,EUR
Food_ProductCost,MB-0018,2021-03-01,10.6911557574,EUR
Food_ProductCost,MB-0018,2021-04-01,10.6837819033,EUR
Food_ProductCost,MB-0018,2021-05-01,11.2035843681,EUR
Food_ProductCost,MB-0018,2021-07-01,10.0510936646,EUR
Food_ProductCost,MB-0018,2021-08-01,10.5229214639,EUR
Food_ProductCost,MB-0018,2021-09-01,10.2923410162,EUR
Food_ProductCost,MB-0018,2021-10-01,8.963717772,EUR
Food_ProductCost,MB-0018,2022-01-01,10.6328337642,EUR
Food_ProductCost,MB-0018,2022-04-01,10.9776887005,EUR
Food_ProductCost,MB-0018,2022-05-01,10.8845061963,EUR
Food_ProductCost,MB-0018,2022-06-01,8.9505091246,EUR
Food_ProductCost,MB-0018,2022-08-01,10.8982218368,EUR
Food_ProductCost,MB-0018,2022-09-01,10.4555086205,EUR
Food_ProductCost,MB-0018,2022-10-01,10.0728055588,EUR
Food_ProductCost,MB-0018,2022-12-01,10.7209696371,EUR
Food_ProductCost,MB-0018,2023-02-01,9.7510858392,EUR
Food_ProductCost,MB-0018,2023-03-01,9.6037489046,EUR
Food_ProductCost,MB-0018,2023-04-01,8.7760723344,EUR
Food_ProductCost,MB-0018,2023-07-01,11.1684478146,EUR
Food_ProductCost,MB-0018,2021-02-01,9.6650323632,USD
Food_ProductCost,MB-0018,2021-06-01,10.9446878763,USD
Food_ProductCost,MB-0018,2021-11-01,9.4823853904,USD
Food_ProductCost,MB-0018,2021-12-01,10.6533740905,USD
Food_ProductCost,MB-0018,2022-02-01,10.0950726024,USD
Food_ProductCost,MB-0018,2022-03-01,10.7176799152,USD
Food_ProductCost,MB-0018,2022-07-01,11.0550340693,USD
Food_ProductCost,MB-0018,2022-11-01,10.6365315945,USD
Food_ProductCost,MB-0018,2023-01-01,10.9360899175,USD
Food_ProductCost,MB-0018,2023-05-01,10.539353453,USD
Food_ProductCost,MB-0018,2023-06-01,11.064458231,USD
Food_ProductCost,MB-0018,2023-08-01,9.6680636889,USD
Food_ProductCost,MB-0018,2023-09-01,9.7602615974,USD
Food_ProductCost,MB-0018,2023-10-01,10.0551275256,USD
Food_ProductCost,MB-0018,2023-11-01,9.0660150538,USD
Food_ProductCost,MB-0018,2023-12-01,11.5136257256,USD
Food_ProductCost,MB-0019,2021-02-01,4.2945886809,EUR
Food_ProductCost,MB-0019,2021-03-01,4.016618715,EUR
Food_ProductCost,MB-0019,2021-04-01,3.7639451042,EUR
Food_ProductCost,MB-0019,2021-05-01,3.3990933237,EUR
Food_ProductCost,MB-0019,2021-06-01,3.5645931871,EUR
Food_ProductCost,MB-0019,2021-10-01,4.2286738616,EUR
Food_ProductCost,MB-0019,2021-11-01,4.5530902198,EUR
Food_ProductCost,MB-0019,2022-03-01,4.3311115191,EUR
Food_ProductCost,MB-0019,2022-04-01,4.1284410876,EUR
Food_ProductCost,MB-0019,2022-07-01,3.9503325571,EUR
Food_ProductCost,MB-0019,2022-09-01,3.5320546776,EUR
Food_ProductCost,MB-0019,2022-10-01,3.7306635435,EUR
Food_ProductCost,MB-0019,2022-12-01,3.4724065031,EUR
Food_ProductCost,MB-0019,2023-01-01,4.1078112868,EUR
Food_ProductCost,MB-0019,2023-05-01,4.2907499737,EUR
Food_ProductCost,MB-0019,2023-06-01,4.4674251968,EUR
Food_ProductCost,MB-0019,2023-07-01,4.3122561992,EUR
Food_ProductCost,MB-0019,2023-08-01,4.3939168059,EUR
Food_ProductCost,MB-0019,2023-10-01,4.437952576,EUR
Food_ProductCost,MB-0019,2023-12-01,3.3855645932,EUR
Food_ProductCost,MB-0019,2021-01-01,4.0931091368,USD
Food_ProductCost,MB-0019,2021-07-01,4.7048922472,USD
Food_ProductCost,MB-0019,2021-08-01,4.8856932911,USD
Food_ProductCost,MB-0019,2021-09-01,4.197051439,USD
Food_ProductCost,MB-0019,2021-12-01,4.2127847123,USD
Food_ProductCost,MB-0019,2022-01-01,4.6780379602,USD
Food_ProductCost,MB-0019,2022-02-01,4.8903545365,USD
Food_ProductCost,MB-0019,2022-05-01,4.1843559457,USD
Food_ProductCost,MB-0019,2022-06-01,4.1641099562,USD
Food_ProductCost,MB-0019,2022-08-01,4.2256718673,USD
Food_ProductCost,MB-0019,2022-11-01,4.0030493964,USD
Food_ProductCost,MB-0019,2023-02-01,3.9161242152,USD
Food_ProductCost,MB-0019,2023-03-01,4.1838928616,USD
Food_ProductCost,MB-0019,2023-04-01,4.6332977121,USD
Food_ProductCost,MB-0019,2023-09-01,3.8349520536,USD
Food_ProductCost,MB-0019,2023-11-01,4.2984500084,USD
Food_ProductCost,MB-0020,2021-01-01,5.9529373524,EUR
Food_ProductCost,MB-0020,2021-02-01,5.0019290076,EUR
Food_ProductCost,MB-0020,2021-04-01,5.4282985934,EUR
Food_ProductCost,MB-0020,2021-06-01,5.0684530733,EUR
Food_ProductCost,MB-0020,2021-08-01,5.5908085176,EUR
Food_ProductCost,MB-0020,2021-10-01,5.2112538602,EUR
Food_ProductCost,MB-0020,2021-11-01,4.6441271624,EUR
Food_ProductCost,MB-0020,2021-12-01,6.067327987,EUR
Food_ProductCost,MB-0020,2022-05-01,6.05429607,EUR
Food_ProductCost,MB-0020,2022-06-01,5.5885049472,EUR
Food_ProductCost,MB-0020,2022-12-01,4.9228135852,EUR
Food_ProductCost,MB-0020,2023-01-01,5.0121611342,EUR
Food_ProductCost,MB-0020,2023-05-01,5.2771479661,EUR
Food_ProductCost,MB-0020,2023-07-01,5.785956297,EUR
Food_ProductCost,MB-0020,2023-08-01,5.2906041314,EUR
Food_ProductCost,MB-0020,2023-09-01,4.7978287928,EUR
Food_ProductCost,MB-0020,2023-12-01,5.734830804,EUR
Food_ProductCost,MB-0020,2021-03-01,6.3432446782,USD
Food_ProductCost,MB-0020,2021-05-01,5.7250564823,USD
Food_ProductCost,MB-0020,2021-07-01,6.1517964667,USD
Food_ProductCost,MB-0020,2021-09-01,6.5674250432,USD
Food_ProductCost,MB-0020,2022-01-01,5.8591671082,USD
Food_ProductCost,MB-0020,2022-02-01,5.9046313806,USD
Food_ProductCost,MB-0020,2022-03-01,5.1513165756,USD
Food_ProductCost,MB-0020,2022-04-01,5.0350639216,USD
Food_ProductCost,MB-0020,2022-07-01,6.3563564518,USD
Food_ProductCost,MB-0020,2022-08-01,6.1151996011,USD
Food_ProductCost,MB-0020,2022-09-01,6.2097224281,USD
Food_ProductCost,MB-0020,2022-10-01,6.4186569872,USD
Food_ProductCost,MB-0020,2022-11-01,5.0636079516,USD
Food_ProductCost,MB-0020,2023-02-01,5.7790889351,USD
Food_ProductCost,MB-0020,2023-03-01,6.0332738396,USD
Food_ProductCost,MB-0020,2023-04-01,6.2886361651,USD
Food_ProductCost,MB-0020,2023-06-01,5.2922955084,USD
Food_ProductCost,MB-0020,2023-10-01,5.1509999149,USD
Food_ProductCost,MB-0020,2023-11-01,5.1947517094,USD
Food_ProductCost,MB-0022,2021-02-01,1.6287589728,EUR
Food_ProductCost,MB-0022,2021-06-01,1.4845101184,EUR
Food_ProductCost,MB-0022,2021-08-01,1.7976435693,EUR
Food_ProductCost,MB-0022,2021-09-01,1.9814831783,EUR
Food_ProductCost,MB-0022,2021-11-01,1.978261002,EUR
Food_ProductCost,MB-0022,2022-02-01,1.6547071252,EUR
Food_ProductCost,MB-0022,2022-03-01,1.6202133085,EUR
Food_ProductCost,MB-0022,2022-04-01,1.8078599459,EUR
Food_ProductCost,MB-0022,2022-05-01,1.516441971,EUR
Food_ProductCost,MB-0022,2022-07-01,1.7370356719,EUR
Food_ProductCost,MB-0022,2022-08-01,1.7665093323,EUR
Food_ProductCost,MB-0022,2022-11-01,1.6259066468,EUR
Food_ProductCost,MB-0022,2022-12-01,1.7337189844,EUR
Food_ProductCost,MB-0022,2023-03-01,1.5296199495,EUR
Food_ProductCost,MB-0022,2023-07-01,1.6557355069,EUR
Food_ProductCost,MB-0022,2023-08-01,1.5716446368,EUR
Food_ProductCost,MB-0022,2023-11-01,1.930716834,EUR
Food_ProductCost,MB-0022,2021-01-01,2.0235164243,USD
Food_ProductCost,MB-0022,2021-03-01,1.9971876487,USD
Food_ProductCost,MB-0022,2021-04-01,1.8211599769,USD
Food_ProductCost,MB-0022,2021-05-01,2.08982542,USD
Food_ProductCost,MB-0022,2021-07-01,1.6876718703,USD
Food_ProductCost,MB-0022,2021-10-01,1.7404541489,USD
Food_ProductCost,MB-0022,2021-12-01,2.0185184749,USD
Food_ProductCost,MB-0022,2022-01-01,2.1698071083,USD
Food_ProductCost,MB-0022,2022-06-01,1.902344163,USD
Food_ProductCost,MB-0022,2022-09-01,1.7095726708,USD
Food_ProductCost,MB-0022,2022-10-01,1.6313966355,USD
Food_ProductCost,MB-0022,2023-01-01,2.0674788236,USD
Food_ProductCost,MB-0022,2023-02-01,1.7879797038,USD
Food_ProductCost,MB-0022,2023-04-01,1.8759324188,USD
Food_ProductCost,MB-0022,2023-05-01,2.1037810727,USD
Food_ProductCost,MB-0022,2023-06-01,1.8023314004,USD
Food_ProductCost,MB-0022,2023-09-01,2.0070675572,USD
Food_ProductCost,MB-0022,2023-10-01,1.9479181923,USD
Food_ProductCost,MB-0022,2023-12-01,1.8188193393,USD
Food_ProductCost,MB-0023,2021-03-01,3.2896964268,EUR
Food_ProductCost,MB-0023,2021-08-01,3.0533472512,EUR
Food_ProductCost,MB-0023,2021-09-01,3.1946698007,EUR
Food_ProductCost,MB-0023,2021-11-01,3.602806831,EUR
Food_ProductCost,MB-0023,2022-01-01,3.8945304316,EUR
Food_ProductCost,MB-0023,2022-03-01,3.4628622799,EUR
Food_ProductCost,MB-0023,2022-04-01,3.2393836635,EUR
Food_ProductCost,MB-0023,2022-05-01,3.603866504,EUR
Food_ProductCost,MB-0023,2022-06-01,3.1898465955,EUR
Food_ProductCost,MB-0023,2022-07-01,3.890509268,EUR
Food_ProductCost,MB-0023,2022-08-01,3.4682087357,EUR
Food_ProductCost,MB-0023,2022-11-01,3.1337448521,EUR
Food_ProductCost,MB-0023,2022-12-01,2.9273763223,EUR
Food_ProductCost,MB-0023,2023-01-01,3.7127870248,EUR
Food_ProductCost,MB-0023,2023-03-01,3.0471603008,EUR
Food_ProductCost,MB-0023,2023-04-01,3.8610787895,EUR
Food_ProductCost,MB-0023,2023-06-01,3.8354847233,EUR
Food_ProductCost,MB-0023,2023-07-01,3.1183527656,EUR
Food_ProductCost,MB-0023,2023-08-01,3.2414992323,EUR
Food_ProductCost,MB-0023,2023-10-01,3.0552106134,EUR
Food_ProductCost,MB-0023,2023-11-01,3.9443538224,EUR
Food_ProductCost,MB-0023,2021-01-01,3.2506345054,USD
Food_ProductCost,MB-0023,2021-02-01,3.929123784,USD
Food_ProductCost,MB-0023,2021-04-01,4.2900380414,USD
Food_ProductCost,MB-0023,2021-05-01,3.8716074994,USD
Food_ProductCost,MB-0023,2021-06-01,3.2404760915,USD
Food_ProductCost,MB-0023,2021-07-01,3.9350858612,USD
Food_ProductCost,MB-0023,2021-10-01,3.4429927123,USD
Food_ProductCost,MB-0023,2021-12-01,3.9560879569,USD
Food_ProductCost,MB-0023,2022-02-01,3.2816806542,USD
Food_ProductCost,MB-0023,2022-09-01,3.2043258395,USD
Food_ProductCost,MB-0023,2022-10-01,3.7411230898,USD
Food_ProductCost,MB-0023,2023-02-01,3.6719095015,USD
Food_ProductCost,MB-0023,2023-05-01,4.0514178256,USD
Food_ProductCost,MB-0023,2023-09-01,3.7971426622,USD
Food_ProductCost,MB-0023,2023-12-01,3.7556707814,USD
Food_ProductCost,MB-0024,2021-01-01,5.5917075658,EUR
Food_ProductCost,MB-0024,2021-02-01,4.7371517612,EUR
Food_ProductCost,MB-0024,2021-04-01,5.8058820083,EUR
Food_ProductCost,MB-0024,2021-06-01,5.4725142168,EUR
Food_ProductCost,MB-0024,2021-07-01,5.3321974821,EUR
Food_ProductCost,MB-0024,2021-08-01,5.1550541491,EUR
Food_ProductCost,MB-0024,2021-10-01,4.7148004844,EUR
Food_ProductCost,MB-0024,2022-01-01,4.3870269615,EUR
Food_ProductCost,MB-0024,2022-02-01,5.163786915,EUR
Food_ProductCost,MB-0024,2022-06-01,4.680379577,EUR
Food_ProductCost,MB-0024,2022-12-01,4.6056445257,EUR
Food_ProductCost,MB-0024,2023-01-01,5.5401813841,EUR
Food_ProductCost,MB-0024,2023-02-01,5.593855683,EUR
Food_ProductCost,MB-0024,2023-03-01,5.444064555,EUR
Food_ProductCost,MB-0024,2023-04-01,4.5951206449,EUR
Food_ProductCost,MB-0024,2023-05-01,5.1411289064,EUR
Food_ProductCost,MB-0024,2023-06-01,4.7670447056,EUR
Food_ProductCost,MB-0024,2023-10-01,5.887912645,EUR
Food_ProductCost,MB-0024,2023-12-01,5.8403677164,EUR
Food_ProductCost,MB-0024,2021-03-01,5.5205203841,USD
Food_ProductCost,MB-0024,2021-05-01,6.3248752771,USD
Food_ProductCost,MB-0024,2021-09-01,5.938273166,USD
Food_ProductCost,MB-0024,2021-11-01,6.2985843508,USD
Food_ProductCost,MB-0024,2021-12-01,5.294408662,USD
Food_ProductCost,MB-0024,2022-03-01,6.1107982139,USD
Food_ProductCost,MB-0024,2022-04-01,5.2135233176,USD
Food_ProductCost,MB-0024,2022-05-01,6.0629882914,USD
Food_ProductCost,MB-0024,2022-07-01,5.2435295889,USD
Food_ProductCost,MB-0024,2022-08-01,6.2048497731,USD
Food_ProductCost,MB-0024,2022-09-01,6.479853265,USD
Food_ProductCost,MB-0024,2022-10-01,5.1497392443,USD
Food_ProductCost,MB-0024,2022-11-01,4.8034771105,USD
Food_ProductCost,MB-0024,2023-07-01,5.3444168455,USD
Food_ProductCost,MB-0024,2023-08-01,5.688469675,USD
Food_ProductCost,MB-0024,2023-09-01,5.7674481076,USD
Food_ProductCost,MB-0024,2023-11-01,5.8612572405,USD
Food_ProductCost,MB-0025,2021-01-01,1.8527517191,EUR
Food_ProductCost,MB-0025,2021-03-01,2.137790021,EUR
Food_ProductCost,MB-0025,2021-05-01,2.1293615677,EUR
Food_ProductCost,MB-0025,2021-06-01,1.7603604919,EUR
Food_ProductCost,MB-0025,2021-07-01,1.9847527244,EUR
Food_ProductCost,MB-0025,2021-09-01,1.8016028924,EUR
Food_ProductCost,MB-0025,2021-11-01,1.723921189,EUR
Food_ProductCost,MB-0025,2022-03-01,2.2148027164,EUR
Food_ProductCost,MB-0025,2022-07-01,1.7455927487,EUR
Food_ProductCost,MB-0025,2022-09-01,2.0240158059,EUR
Food_ProductCost,MB-0025,2022-10-01,1.763785279,EUR
Food_ProductCost,MB-0025,2022-11-01,1.8109185351,EUR
Food_ProductCost,MB-0025,2022-12-01,1.7816870678,EUR
Food_ProductCost,MB-0025,2023-02-01,2.0347746782,EUR
Food_ProductCost,MB-0025,2023-05-01,1.99352765,EUR
Food_ProductCost,MB-0025,2023-08-01,1.8927058979,EUR
Food_ProductCost,MB-0025,2023-09-01,1.8622116942,EUR
Food_ProductCost,MB-0025,2023-10-01,1.8783030908,EUR
Food_ProductCost,MB-0025,2023-12-01,1.8243043817,EUR
Food_ProductCost,MB-0025,2021-02-01,2.261906106,USD
Food_ProductCost,MB-0025,2021-04-01,2.19125411,USD
Food_ProductCost,MB-0025,2021-08-01,2.1857075524,USD
Food_ProductCost,MB-0025,2021-10-01,2.4131434556,USD
Food_ProductCost,MB-0025,2021-12-01,2.2105651126,USD
Food_ProductCost,MB-0025,2022-01-01,2.374272561,USD
Food_ProductCost,MB-0025,2022-02-01,1.9579146783,USD
Food_ProductCost,MB-0025,2022-04-01,2.1766724861,USD
Food_ProductCost,MB-0025,2022-05-01,1.9651542872,USD
Food_ProductCost,MB-0025,2022-06-01,2.1718823707,USD
Food_ProductCost,MB-0025,2022-08-01,2.3354071753,USD
Food_ProductCost,MB-0025,2023-01-01,1.8520789708,USD
Food_ProductCost,MB-0025,2023-03-01,1.9970733247,USD
Food_ProductCost,MB-0025,2023-04-01,1.9206965697,USD
Food_ProductCost,MB-0025,2023-06-01,2.2665527638,USD
Food_ProductCost,MB-0025,2023-07-01,2.4687118738,USD
Food_ProductCost,MB-0025,2023-11-01,2.3467262178,USD
Food_ProductCost,MB-0026,2021-01-01,3.833432215,EUR
Food_ProductCost,MB-0026,2021-03-01,3.4195976883,EUR
Food_ProductCost,MB-0026,2021-04-01,3.8050340459,EUR
Food_ProductCost,MB-0026,2021-05-01,3.5325090347,EUR
Food_ProductCost,MB-0026,2021-07-01,3.6412945219,EUR
Food_ProductCost,MB-0026,2021-11-01,4.4955073866,EUR
Food_ProductCost,MB-0026,2022-04-01,3.9049199902,EUR
Food_ProductCost,MB-0026,2022-06-01,4.0955331027,EUR
Food_ProductCost,MB-0026,2022-08-01,3.5628877962,EUR
Food_ProductCost,MB-0026,2022-09-01,4.158220283,EUR
Food_ProductCost,MB-0026,2022-10-01,3.7950148195,EUR
Food_ProductCost,MB-0026,2023-01-01,4.2462338621,EUR
Food_ProductCost,MB-0026,2023-04-01,3.9393743937,EUR
Food_ProductCost,MB-0026,2023-12-01,3.4203298158,EUR
Food_ProductCost,MB-0026,2021-02-01,4.3128221124,USD
Food_ProductCost,MB-0026,2021-06-01,4.1704974819,USD
Food_ProductCost,MB-0026,2021-08-01,4.6441141278,USD
Food_ProductCost,MB-0026,2021-09-01,4.5030293537,USD
Food_ProductCost,MB-0026,2021-10-01,4.2469264931,USD
Food_ProductCost,MB-0026,2021-12-01,4.3719249908,USD
Food_ProductCost,MB-0026,2022-01-01,3.7345708837,USD
Food_ProductCost,MB-0026,2022-02-01,4.652559279,USD
Food_ProductCost,MB-0026,2022-03-01,4.6041020531,USD
Food_ProductCost,MB-0026,2022-05-01,3.7798428337,USD
Food_ProductCost,MB-0026,2022-07-01,3.8865691276,USD
Food_ProductCost,MB-0026,2022-11-01,4.8667525133,USD
Food_ProductCost,MB-0026,2022-12-01,4.8858004502,USD
Food_ProductCost,MB-0026,2023-02-01,4.2609457302,USD
Food_ProductCost,MB-0026,2023-03-01,4.6933474303,USD
Food_ProductCost,MB-0026,2023-05-01,4.5065939387,USD
Food_ProductCost,MB-0026,2023-06-01,4.8926827862,USD
Food_ProductCost,MB-0026,2023-07-01,4.227715333,USD
Food_ProductCost,MB-0026,2023-08-01,3.8494714698,USD
Food_ProductCost,MB-0026,2023-09-01,4.1132970377,USD
Food_ProductCost,MB-0026,2023-10-01,4.8678917744,USD
Food_ProductCost,MB-0026,2023-11-01,3.931830414,USD
Food_ProductCost,MB-0028,2021-04-01,0.356105773,EUR
Food_ProductCost,MB-0028,2021-05-01,0.3389739287,EUR
Food_ProductCost,MB-0028,2021-10-01,0.3079420965,EUR
Food_ProductCost,MB-0028,2021-12-01,0.3335904941,EUR
Food_ProductCost,MB-0028,2022-01-01,0.2946055501,EUR
Food_ProductCost,MB-0028,2022-03-01,0.3021783955,EUR
Food_ProductCost,MB-0028,2022-05-01,0.3275013864,EUR
Food_ProductCost,MB-0028,2022-06-01,0.3480096736,EUR
Food_ProductCost,MB-0028,2022-08-01,0.3138828574,EUR
Food_ProductCost,MB-0028,2022-09-01,0.2948987721,EUR
Food_ProductCost,MB-0028,2022-12-01,0.3772208694,EUR
Food_ProductCost,MB-0028,2023-01-01,0.3592832777,EUR
Food_ProductCost,MB-0028,2023-04-01,0.3351394741,EUR
Food_ProductCost,MB-0028,2023-08-01,0.3535405609,EUR
Food_ProductCost,MB-0028,2023-11-01,0.3688215578,EUR
Food_ProductCost,MB-0028,2023-12-01,0.297197117,EUR
Food_ProductCost,MB-0028,2021-01-01,0.3795465578,USD
Food_ProductCost,MB-0028,2021-02-01,0.3365577032,USD
Food_ProductCost,MB-0028,2021-03-01,0.3621382154,USD
Food_ProductCost,MB-0028,2021-06-01,0.3612508336,USD
Food_ProductCost,MB-0028,2021-07-01,0.4249937225,USD
Food_ProductCost,MB-0028,2021-08-01,0.3521844722,USD
Food_ProductCost,MB-0028,2021-09-01,0.3632704608,USD
Food_ProductCost,MB-0028,2021-11-01,0.3680106721,USD
Food_ProductCost,MB-0028,2022-02-01,0.396596845,USD
Food_ProductCost,MB-0028,2022-04-01,0.3483140194,USD
Food_ProductCost,MB-0028,2022-07-01,0.3980221295,USD
Food_ProductCost,MB-0028,2022-10-01,0.4169606866,USD
Food_ProductCost,MB-0028,2022-11-01,0.3527062929,USD
Food_ProductCost,MB-0028,2023-02-01,0.4105845957,USD
Food_ProductCost,MB-0028,2023-03-01,0.3432125342,USD
Food_ProductCost,MB-0028,2023-05-01,0.42276661,USD
Food_ProductCost,MB-0028,2023-06-01,0.3520280704,USD
Food_ProductCost,MB-0028,2023-07-01,0.3221519899,USD
Food_ProductCost,MB-0028,2023-09-01,0.4047207792,USD
Food_ProductCost,MB-0028,2023-10-01,0.3643033109,USD
Food_ProductCost,MB-0029,2021-01-01,0.6064157421,EUR
Food_ProductCost,MB-0029,2021-02-01,0.6550615797,EUR
Food_ProductCost,MB-0029,2021-04-01,0.6421738452,EUR
Food_ProductCost,MB-0029,2021-05-01,0.6084691387,EUR
Food_ProductCost,MB-0029,2021-06-01,0.5589259883,EUR
Food_ProductCost,MB-0029,2021-08-01,0.662565544,EUR
Food_ProductCost,MB-0029,2021-10-01,0.6127844807,EUR
Food_ProductCost,MB-0029,2021-12-01,0.7218180432,EUR
Food_ProductCost,MB-0029,2022-04-01,0.7424825754,EUR
Food_ProductCost,MB-0029,2022-05-01,0.7317239585,EUR
Food_ProductCost,MB-0029,2022-06-01,0.6844056303,EUR
Food_ProductCost,MB-0029,2022-07-01,0.6730568903,EUR
Food_ProductCost,MB-0029,2022-08-01,0.6773469158,EUR
Food_ProductCost,MB-0029,2022-09-01,0.7443222943,EUR
Food_ProductCost,MB-0029,2022-10-01,0.6219516608,EUR
Food_ProductCost,MB-0029,2023-06-01,0.5754020398,EUR
Food_ProductCost,MB-0029,2023-07-01,0.6162877081,EUR
Food_ProductCost,MB-0029,2023-08-01,0.589235854,EUR
Food_ProductCost,MB-0029,2023-10-01,0.5819917605,EUR
Food_ProductCost,MB-0029,2021-03-01,0.8087272806,USD
Food_ProductCost,MB-0029,2021-07-01,0.7710600465,USD
Food_ProductCost,MB-0029,2021-09-01,0.7980473776,USD
Food_ProductCost,MB-0029,2021-11-01,0.7266286256,USD
Food_ProductCost,MB-0029,2022-01-01,0.7824264394,USD
Food_ProductCost,MB-0029,2022-02-01,0.6218306313,USD
Food_ProductCost,MB-0029,2022-03-01,0.8000392738,USD
Food_ProductCost,MB-0029,2022-11-01,0.6455868622,USD
Food_ProductCost,MB-0029,2022-12-01,0.6596801234,USD
Food_ProductCost,MB-0029,2023-01-01,0.7610336055,USD
Food_ProductCost,MB-0029,2023-02-01,0.7329787651,USD
Food_ProductCost,MB-0029,2023-03-01,0.7001481149,USD
Food_ProductCost,MB-0029,2023-04-01,0.617140618,USD
Food_ProductCost,MB-0029,2023-05-01,0.707283564,USD
Food_ProductCost,MB-0029,2023-09-01,0.8192165887,USD
Food_ProductCost,MB-0029,2023-11-01,0.6738602915,USD
Food_ProductCost,MB-0029,2023-12-01,0.7574060055,USD
Food_ProductCost,MB-0030,2021-01-01,0.909009227,EUR
Food_ProductCost,MB-0030,2021-03-01,0.9555276482,EUR
Food_ProductCost,MB-0030,2021-08-01,0.9600953826,EUR
Food_ProductCost,MB-0030,2021-09-01,0.9743749376,EUR
Food_ProductCost,MB-0030,2021-11-01,1.0728006107,EUR
Food_ProductCost,MB-0030,2021-12-01,0.8783999527,EUR
Food_ProductCost,MB-0030,2022-04-01,1.035429884,EUR
Food_ProductCost,MB-0030,2022-07-01,1.0055040811,EUR
Food_ProductCost,MB-0030,2022-08-01,0.900054554,EUR
Food_ProductCost,MB-0030,2022-09-01,1.045315858,EUR
Food_ProductCost,MB-0030,2022-10-01,0.9516642697,EUR
Food_ProductCost,MB-0030,2022-11-01,0.8801977134,EUR
Food_ProductCost,MB-0030,2023-01-01,0.8337695622,EUR
Food_ProductCost,MB-0030,2023-04-01,0.8582610314,EUR
Food_ProductCost,MB-0030,2023-05-01,0.8613794468,EUR
Food_ProductCost,MB-0030,2023-07-01,0.9178735333,EUR
Food_ProductCost,MB-0030,2023-09-01,0.9894567057,EUR
Food_ProductCost,MB-0030,2023-12-01,1.0055890047,EUR
Food_ProductCost,MB-0030,2021-02-01,1.0230661978,USD
Food_ProductCost,MB-0030,2021-04-01,1.0064848805,USD
Food_ProductCost,MB-0030,2021-05-01,1.0435195691,USD
Food_ProductCost,MB-0030,2021-06-01,1.1338648632,USD
Food_ProductCost,MB-0030,2021-07-01,0.9150134519,USD
Food_ProductCost,MB-0030,2021-10-01,0.9651895546,USD
Food_ProductCost,MB-0030,2022-01-01,0.9747967594,USD
Food_ProductCost,MB-0030,2022-02-01,1.004989093,USD
Food_ProductCost,MB-0030,2022-03-01,0.9838654453,USD
Food_ProductCost,MB-0030,2022-05-01,1.1188747082,USD
Food_ProductCost,MB-0030,2022-06-01,1.0171541204,USD
Food_ProductCost,MB-0030,2022-12-01,1.1847049071,USD
Food_ProductCost,MB-0030,2023-02-01,0.9028647744,USD
Food_ProductCost,MB-0030,2023-03-01,1.04335627,USD
Food_ProductCost,MB-0030,2023-06-01,1.06735421,USD
Food_ProductCost,MB-0030,2023-08-01,0.9357653199,USD
Food_ProductCost,MB-0030,2023-10-01,0.9515345918,USD
Food_ProductCost,MB-0030,2023-11-01,0.9794126646,USD
Food_ProductCost,MB-0031,2021-04-01,0.2957840135,EUR
Food_ProductCost,MB-0031,2021-07-01,0.2884038461,EUR
Food_ProductCost,MB-0031,2021-08-01,0.3147392147,EUR
Food_ProductCost,MB-0031,2021-09-01,0.266004167,EUR
Food_ProductCost,MB-0031,2021-10-01,0.3207515507,EUR
Food_ProductCost,MB-0031,2021-11-01,0.2853898878,EUR
Food_ProductCost,MB-0031,2022-05-01,0.288458215,EUR
Food_ProductCost,MB-0031,2022-07-01,0.2854424325,EUR
Food_ProductCost,MB-0031,2022-09-01,0.2894939693,EUR
Food_ProductCost,MB-0031,2022-11-01,0.2943996432,EUR
Food_ProductCost,MB-0031,2022-12-01,0.2842234365,EUR
Food_ProductCost,MB-0031,2023-05-01,0.2849255559,EUR
Food_ProductCost,MB-0031,2023-06-01,0.2823395953,EUR
Food_ProductCost,MB-0031,2023-07-01,0.3171353914,EUR
Food_ProductCost,MB-0031,2023-09-01,0.2946702834,EUR
Food_ProductCost,MB-0031,2023-10-01,0.2721407801,EUR
Food_ProductCost,MB-0031,2023-11-01,0.2705786401,EUR
Food_ProductCost,MB-0031,2021-01-01,0.2885574964,USD
Food_ProductCost,MB-0031,2021-02-01,0.3528584233,USD
Food_ProductCost,MB-0031,2021-03-01,0.3430092122,USD
Food_ProductCost,MB-0031,2021-05-01,0.2894613004,USD
Food_ProductCost,MB-0031,2021-06-01,0.3054349647,USD
Food_ProductCost,MB-0031,2021-12-01,0.2904249774,USD
Food_ProductCost,MB-0031,2022-01-01,0.2978193955,USD
Food_ProductCost,MB-0031,2022-02-01,0.291067333,USD
Food_ProductCost,MB-0031,2022-03-01,0.3124356659,USD
Food_ProductCost,MB-0031,2022-04-01,0.3071365681,USD
Food_ProductCost,MB-0031,2022-06-01,0.3571117563,USD
Food_ProductCost,MB-0031,2022-08-01,0.3582526792,USD
Food_ProductCost,MB-0031,2022-10-01,0.3426511727,USD
Food_ProductCost,MB-0031,2023-01-01,0.3454474208,USD
Food_ProductCost,MB-0031,2023-02-01,0.3101572827,USD
Food_ProductCost,MB-0031,2023-03-01,0.3087318717,USD
Food_ProductCost,MB-0031,2023-04-01,0.3051682231,USD
Food_ProductCost,MB-0031,2023-08-01,0.3197400558,USD
Food_ProductCost,MB-0031,2023-12-01,0.2966602339,USD
Food_ProductCost,MB-0032,2021-01-01,0.5700739779,EUR
Food_ProductCost,MB-0032,2021-03-01,0.4997948979,EUR
Food_ProductCost,MB-0032,2021-04-01,0.5119107351,EUR
Food_ProductCost,MB-0032,2021-07-01,0.6154592873,EUR
Food_ProductCost,MB-0032,2021-08-01,0.4950305104,EUR
Food_ProductCost,MB-0032,2021-09-01,0.6214341528,EUR
Food_ProductCost,MB-0032,2021-10-01,0.5847705973,EUR
Food_ProductCost,MB-0032,2021-11-01,0.5934635379,EUR
Food_ProductCost,MB-0032,2021-12-01,0.5681020481,EUR
Food_ProductCost,MB-0032,2022-04-01,0.5819603873,EUR
Food_ProductCost,MB-0032,2022-05-01,0.5561348049,EUR
Food_ProductCost,MB-0032,2022-07-01,0.5907677208,EUR
Food_ProductCost,MB-0032,2022-12-01,0.6072106232,EUR
Food_ProductCost,MB-0032,2023-01-01,0.573506449,EUR
Food_ProductCost,MB-0032,2023-02-01,0.523482737,EUR
Food_ProductCost,MB-0032,2023-05-01,0.4961456262,EUR
Food_ProductCost,MB-0032,2023-07-01,0.6198777797,EUR
Food_ProductCost,MB-0032,2023-11-01,0.6063896612,EUR
Food_ProductCost,MB-0032,2021-02-01,0.6522034575,USD
Food_ProductCost,MB-0032,2021-05-01,0.5641780092,USD
Food_ProductCost,MB-0032,2021-06-01,0.5093553785,USD
Food_ProductCost,MB-0032,2022-01-01,0.6521132104,USD
Food_ProductCost,MB-0032,2022-02-01,0.6602338015,USD
Food_ProductCost,MB-0032,2022-03-01,0.5913874878,USD
Food_ProductCost,MB-0032,2022-06-01,0.6822783145,USD
Food_ProductCost,MB-0032,2022-08-01,0.5109459073,USD
Food_ProductCost,MB-0032,2022-09-01,0.6463352993,USD
Food_ProductCost,MB-0032,2022-10-01,0.575572793,USD
Food_ProductCost,MB-0032,2022-11-01,0.5940106982,USD
Food_ProductCost,MB-0032,2023-03-01,0.5462273212,USD
Food_ProductCost,MB-0032,2023-04-01,0.5260397076,USD
Food_ProductCost,MB-0032,2023-06-01,0.5704813087,USD
Food_ProductCost,MB-0032,2023-08-01,0.5762044615,USD
Food_ProductCost,MB-0032,2023-09-01,0.5935827948,USD
Food_ProductCost,MB-0032,2023-10-01,0.623712588,USD
Food_ProductCost,MB-0032,2023-12-01,0.6387427859,USD
Food_ProductCost,MB-0033,2021-01-01,0.7870051619,EUR
Food_ProductCost,MB-0033,2021-02-01,0.8727286852,EUR
Food_ProductCost,MB-0033,2021-04-01,0.8262807198,EUR
Food_ProductCost,MB-0033,2021-07-01,0.885564313,EUR
Food_ProductCost,MB-0033,2021-08-01,0.7423589173,EUR
Food_ProductCost,MB-0033,2021-09-01,0.8958430927,EUR
Food_ProductCost,MB-0033,2021-11-01,0.7715515374,EUR
Food_ProductCost,MB-0033,2022-04-01,0.7111433247,EUR
Food_ProductCost,MB-0033,2022-05-01,0.793399918,EUR
Food_ProductCost,MB-0033,2022-06-01,0.8057431376,EUR
Food_ProductCost,MB-0033,2022-09-01,0.7929173876,EUR
Food_ProductCost,MB-0033,2022-10-01,0.8892855668,EUR
Food_ProductCost,MB-0033,2022-12-01,0.7327548023,EUR
Food_ProductCost,MB-0033,2023-01-01,0.9196782344,EUR
Food_ProductCost,MB-0033,2023-02-01,0.9173193635,EUR
Food_ProductCost,MB-0033,2023-03-01,0.8034654754,EUR
Food_ProductCost,MB-0033,2023-04-01,0.8976138435,EUR
Food_ProductCost,MB-0033,2023-05-01,0.905069034,EUR
Food_ProductCost,MB-0033,2023-06-01,0.7691694385,EUR
Food_ProductCost,MB-0033,2023-07-01,0.7999557893,EUR
Food_ProductCost,MB-0033,2023-08-01,0.8956550393,EUR
Food_ProductCost,MB-0033,2023-09-01,0.8970977522,EUR
Food_ProductCost,MB-0033,2023-10-01,0.7720103166,EUR
Food_ProductCost,MB-0033,2023-12-01,0.7108164561,EUR
Food_ProductCost,MB-0033,2021-03-01,0.905755027,USD
Food_ProductCost,MB-0033,2021-05-01,0.8299814664,USD
Food_ProductCost,MB-0033,2021-06-01,0.9169542982,USD
Food_ProductCost,MB-0033,2021-10-01,0.90227782,USD
Food_ProductCost,MB-0033,2021-12-01,0.9301566697,USD
Food_ProductCost,MB-0033,2022-01-01,0.9615294843,USD
Food_ProductCost,MB-0033,2022-02-01,0.9959881636,USD
Food_ProductCost,MB-0033,2022-03-01,0.832399564,USD
Food_ProductCost,MB-0033,2022-07-01,0.8470008079,USD
Food_ProductCost,MB-0033,2022-08-01,0.9875968047,USD
Food_ProductCost,MB-0033,2022-11-01,0.7638180607,USD
Food_ProductCost,MB-0033,2023-11-01,0.9459024908,USD
Food_ProductCost,MB-0034,2021-06-01,0.7605189832,EUR
Food_ProductCost,MB-0034,2021-07-01,0.7916665185,EUR
Food_ProductCost,MB-0034,2021-08-01,0.7831820678,EUR
Food_ProductCost,MB-0034,2021-11-01,0.7574491143,EUR
Food_ProductCost,MB-0034,2022-01-01,0.7600027006,EUR
Food_ProductCost,MB-0034,2022-07-01,0.8371472377,EUR
Food_ProductCost,MB-0034,2022-09-01,0.8467160611,EUR
Food_ProductCost,MB-0034,2022-10-01,0.8948598997,EUR
Food_ProductCost,MB-0034,2022-11-01,0.9156984507,EUR
Food_ProductCost,MB-0034,2022-12-01,0.8946901823,EUR
Food_ProductCost,MB-0034,2023-02-01,0.8287066048,EUR
Food_ProductCost,MB-0034,2023-03-01,0.7484149656,EUR
Food_ProductCost,MB-0034,2023-04-01,0.8493990385,EUR
Food_ProductCost,MB-0034,2023-06-01,0.8620392806,EUR
Food_ProductCost,MB-0034,2023-12-01,0.7309233496,EUR
Food_ProductCost,MB-0034,2021-01-01,0.85945613,USD
Food_ProductCost,MB-0034,2021-02-01,0.8870353972,USD
Food_ProductCost,MB-0034,2021-03-01,0.8312564732,USD
Food_ProductCost,MB-0034,2021-04-01,0.7756847087,USD
Food_ProductCost,MB-0034,2021-05-01,0.8408082311,USD
Food_ProductCost,MB-0034,2021-09-01,0.9124708023,USD
Food_ProductCost,MB-0034,2021-10-01,0.90735829,USD
Food_ProductCost,MB-0034,2021-12-01,0.916041442,USD
Food_ProductCost,MB-0034,2022-02-01,0.931591315,USD
Food_ProductCost,MB-0034,2022-03-01,0.8017991462,USD
Food_ProductCost,MB-0034,2022-04-01,0.8088805204,USD
Food_ProductCost,MB-0034,2022-05-01,0.9160967275,USD
Food_ProductCost,MB-0034,2022-06-01,0.9723525668,USD
Food_ProductCost,MB-0034,2022-08-01,0.9869111524,USD
Food_ProductCost,MB-0034,2023-01-01,0.93019308,USD
Food_ProductCost,MB-0034,2023-05-01,0.9123948946,USD
Food_ProductCost,MB-0034,2023-07-01,0.8316375651,USD
Food_ProductCost,MB-0034,2023-08-01,0.9124340234,USD
Food_ProductCost,MB-0034,2023-09-01,0.9466161007,USD
Food_ProductCost,MB-0034,2023-10-01,0.8633002458,USD
Food_ProductCost,MB-0034,2023-11-01,0.796480471,USD
Food_ProductCost,MB-0035,2021-01-01,1.7016790624,EUR
Food_ProductCost,MB-0035,2021-02-01,1.5030330963,EUR
Food_ProductCost,MB-0035,2021-03-01,1.5412235909,EUR
Food_ProductCost,MB-0035,2021-05-01,1.3877225391,EUR
Food_ProductCost,MB-0035,2021-08-01,1.8429079804,EUR
Food_ProductCost,MB-0035,2021-09-01,1.56920727,EUR
Food_ProductCost,MB-0035,2022-01-01,1.8456752361,EUR
Food_ProductCost,MB-0035,2022-07-01,1.6805688568,EUR
Food_ProductCost,MB-0035,2022-09-01,1.542801725,EUR
Food_ProductCost,MB-0035,2022-12-01,1.4241815878,EUR
Food_ProductCost,MB-0035,2023-01-01,1.7519015617,EUR
Food_ProductCost,MB-0035,2023-02-01,1.8240380417,EUR
Food_ProductCost,MB-0035,2023-03-01,1.5478666414,EUR
Food_ProductCost,MB-0035,2023-04-01,1.6412746569,EUR
Food_ProductCost,MB-0035,2023-06-01,1.4288315973,EUR
Food_ProductCost,MB-0035,2023-07-01,1.7120234541,EUR
Food_ProductCost,MB-0035,2023-10-01,1.632527939,EUR
Food_ProductCost,MB-0035,2021-04-01,2.0013867432,USD
Food_ProductCost,MB-0035,2021-06-01,1.9396022417,USD
Food_ProductCost,MB-0035,2021-07-01,1.6397046912,USD
Food_ProductCost,MB-0035,2021-10-01,1.5876757052,USD
Food_ProductCost,MB-0035,2021-11-01,1.9086104591,USD
Food_ProductCost,MB-0035,2021-12-01,2.012425205,USD
Food_ProductCost,MB-0035,2022-02-01,1.6701122383,USD
Food_ProductCost,MB-0035,2022-03-01,1.8176425416,USD
Food_ProductCost,MB-0035,2022-04-01,1.8756751173,USD
Food_ProductCost,MB-0035,2022-05-01,1.8274326541,USD
Food_ProductCost,MB-0035,2022-06-01,1.5419393948,USD
Food_ProductCost,MB-0035,2022-08-01,1.9710738885,USD
Food_ProductCost,MB-0035,2022-10-01,1.7289000449,USD
Food_ProductCost,MB-0035,2022-11-01,1.5888012651,USD
Food_ProductCost,MB-0035,2023-05-01,1.6633021646,USD
Food_ProductCost,MB-0035,2023-08-01,1.8359801015,USD
Food_ProductCost,MB-0035,2023-09-01,2.0462872085,USD
Food_ProductCost,MB-0035,2023-11-01,1.9382804192,USD
Food_ProductCost,MB-0035,2023-12-01,1.8198068608,USD
Food_ProductCost,MB-0036,2021-06-01,2.6840185467,EUR
Food_ProductCost,MB-0036,2021-08-01,2.4324664217,EUR
Food_ProductCost,MB-0036,2021-11-01,2.7086905904,EUR
Food_ProductCost,MB-0036,2022-01-01,2.3423628784,EUR
Food_ProductCost,MB-0036,2022-02-01,2.2745100278,EUR
Food_ProductCost,MB-0036,2022-04-01,2.7466269997,EUR
Food_ProductCost,MB-0036,2022-08-01,2.4033847877,EUR
Food_ProductCost,MB-0036,2022-09-01,2.5585329497,EUR
Food_ProductCost,MB-0036,2022-10-01,2.4244952028,EUR
Food_ProductCost,MB-0036,2023-02-01,2.2538718646,EUR
Food_ProductCost,MB-0036,2023-03-01,2.4084098901,EUR
Food_ProductCost,MB-0036,2023-04-01,2.5828875958,EUR
Food_ProductCost,MB-0036,2023-05-01,2.5445182335,EUR
Food_ProductCost,MB-0036,2023-09-01,2.4794061059,EUR
Food_ProductCost,MB-0036,2023-11-01,2.5075709251,EUR
Food_ProductCost,MB-0036,2021-01-01,2.8946683779,USD
Food_ProductCost,MB-0036,2021-02-01,2.3332928378,USD
Food_ProductCost,MB-0036,2021-03-01,2.4130078331,USD
Food_ProductCost,MB-0036,2021-04-01,2.920837154,USD
Food_ProductCost,MB-0036,2021-05-01,2.6730851315,USD
Food_ProductCost,MB-0036,2021-07-01,2.9741135145,USD
Food_ProductCost,MB-0036,2021-09-01,2.8997569158,USD
Food_ProductCost,MB-0036,2021-10-01,2.4040474205,USD
Food_ProductCost,MB-0036,2021-12-01,2.8681818253,USD
Food_ProductCost,MB-0036,2022-03-01,2.4429212104,USD
Food_ProductCost,MB-0036,2022-05-01,2.6766723498,USD
Food_ProductCost,MB-0036,2022-06-01,2.8143716299,USD
Food_ProductCost,MB-0036,2022-07-01,2.6508255304,USD
Food_ProductCost,MB-0036,2022-11-01,2.5911352256,USD
Food_ProductCost,MB-0036,2022-12-01,3.0257027983,USD
Food_ProductCost,MB-0036,2023-01-01,3.0264240396,USD
Food_ProductCost,MB-0036,2023-06-01,2.4509085933,USD
Food_ProductCost,MB-0036,2023-07-01,2.8136555972,USD
Food_ProductCost,MB-0036,2023-08-01,2.3111616071,USD
Food_ProductCost,MB-0036,2023-10-01,2.9068825892,USD
Food_ProductCost,MB-0036,2023-12-01,2.8027090341,USD
Food_ProductCost,MB-0037,2021-03-01,0.1046872295,EUR
Food_ProductCost,MB-0037,2021-04-01,0.1156609272,EUR
Food_ProductCost,MB-0037,2021-05-01,0.1058472766,EUR
Food_ProductCost,MB-0037,2021-06-01,0.1066636274,EUR
Food_ProductCost,MB-0037,2021-08-01,0.0919700761,EUR
Food_ProductCost,MB-0037,2021-11-01,0.0984882954,EUR
Food_ProductCost,MB-0037,2022-01-01,0.1032056468,EUR
Food_ProductCost,MB-0037,2022-03-01,0.093114183,EUR
Food_ProductCost,MB-0037,2022-05-01,0.0873540635,EUR
Food_ProductCost,MB-0037,2022-07-01,0.1115731737,EUR
Food_ProductCost,MB-0037,2022-10-01,0.1037881855,EUR
Food_ProductCost,MB-0037,2023-02-01,0.1057482575,EUR
Food_ProductCost,MB-0037,2023-07-01,0.0897894191,EUR
Food_ProductCost,MB-0037,2023-08-01,0.089798046,EUR
Food_ProductCost,MB-0037,2023-09-01,0.1157166841,EUR
Food_ProductCost,MB-0037,2023-10-01,0.0891753662,EUR
Food_ProductCost,MB-0037,2023-11-01,0.0894818035,EUR
Food_ProductCost,MB-0037,2023-12-01,0.0883768241,EUR
Food_ProductCost,MB-0037,2021-01-01,0.1123483624,USD
Food_ProductCost,MB-0037,2021-02-01,0.1179313387,USD
Food_ProductCost,MB-0037,2021-07-01,0.1079381034,USD
Food_ProductCost,MB-0037,2021-09-01,0.1140538811,USD
Food_ProductCost,MB-0037,2021-10-01,0.0973974172,USD
Food_ProductCost,MB-0037,2021-12-01,0.0972692958,USD
Food_ProductCost,MB-0037,2022-02-01,0.1042687172,USD
Food_ProductCost,MB-0037,2022-04-01,0.0977398188,USD
Food_ProductCost,MB-0037,2022-06-01,0.1235506632,USD
Food_ProductCost,MB-0037,2022-08-01,0.1081252518,USD
Food_ProductCost,MB-0037,2022-09-01,0.1038983829,USD
Food_ProductCost,MB-0037,2022-11-01,0.1092467516,USD
Food_ProductCost,MB-0037,2022-12-01,0.0977461974,USD
Food_ProductCost,MB-0037,2023-01-01,0.0941240241,USD
Food_ProductCost,MB-0037,2023-03-01,0.1058984678,USD
Food_ProductCost,MB-0037,2023-04-01,0.1061386346,USD
Food_ProductCost,MB-0037,2023-05-01,0.1266127436,USD
Food_ProductCost,MB-0037,2023-06-01,0.1196467225,USD
Food_ProductCost,MB-0038,2021-06-01,0.143546395,EUR
Food_ProductCost,MB-0038,2021-08-01,0.1469484445,EUR
Food_ProductCost,MB-0038,2021-11-01,0.1686381142,EUR
Food_ProductCost,MB-0038,2022-02-01,0.1776311918,EUR
Food_ProductCost,MB-0038,2022-06-01,0.188056838,EUR
Food_ProductCost,MB-0038,2022-07-01,0.1624251631,EUR
Food_ProductCost,MB-0038,2022-10-01,0.1598918772,EUR
Food_ProductCost,MB-0038,2022-11-01,0.1625379738,EUR
Food_ProductCost,MB-0038,2023-02-01,0.1573031754,EUR
Food_ProductCost,MB-0038,2023-04-01,0.1486516094,EUR
Food_ProductCost,MB-0038,2023-06-01,0.1801302919,EUR
Food_ProductCost,MB-0038,2023-07-01,0.1537682254,EUR
Food_ProductCost,MB-0038,2023-08-01,0.1802658398,EUR
Food_ProductCost,MB-0038,2023-10-01,0.1488419818,EUR
Food_ProductCost,MB-0038,2023-11-01,0.176321408,EUR
Food_ProductCost,MB-0038,2023-12-01,0.1444702428,EUR
Food_ProductCost,MB-0038,2021-01-01,0.173220487,USD
Food_ProductCost,MB-0038,2021-02-01,0.204534176,USD
Food_ProductCost,MB-0038,2021-03-01,0.1764734208,USD
Food_ProductCost,MB-0038,2021-04-01,0.1671559657,USD
Food_ProductCost,MB-0038,2021-05-01,0.1948398326,USD
Food_ProductCost,MB-0038,2021-07-01,0.1570156959,USD
Food_ProductCost,MB-0038,2021-09-01,0.2027829848,USD
Food_ProductCost,MB-0038,2021-10-01,0.1828924099,USD
Food_ProductCost,MB-0038,2021-12-01,0.1619365609,USD
Food_ProductCost,MB-0038,2022-01-01,0.1735743518,USD
Food_ProductCost,MB-0038,2022-03-01,0.1649453418,USD
Food_ProductCost,MB-0038,2022-04-01,0.201109884,USD
Food_ProductCost,MB-0038,2022-05-01,0.1954247221,USD
Food_ProductCost,MB-0038,2022-08-01,0.1690866947,USD
Food_ProductCost,MB-0038,2022-09-01,0.1882673618,USD
Food_ProductCost,MB-0038,2022-12-01,0.1553607213,USD
Food_ProductCost,MB-0038,2023-01-01,0.1601690878,USD
Food_ProductCost,MB-0038,2023-03-01,0.1945849208,USD
Food_ProductCost,MB-0038,2023-05-01,0.1579176198,USD
Food_ProductCost,MB-0038,2023-09-01,0.1568969738,USD
Food_ProductCost,MB-0039,2021-03-01,0.2391690935,EUR
Food_ProductCost,MB-0039,2021-04-01,0.2151636998,EUR
Food_ProductCost,MB-0039,2021-06-01,0.2419149391,EUR
Food_ProductCost,MB-0039,2021-07-01,0.2719731004,EUR
Food_ProductCost,MB-0039,2021-08-01,0.2610852978,EUR
Food_ProductCost,MB-0039,2021-11-01,0.2326553053,EUR
Food_ProductCost,MB-0039,2021-12-01,0.210663052,EUR
Food_ProductCost,MB-0039,2022-01-01,0.2460367768,EUR
Food_ProductCost,MB-0039,2022-05-01,0.2303320821,EUR
Food_ProductCost,MB-0039,2022-07-01,0.2529447258,EUR
Food_ProductCost,MB-0039,2022-08-01,0.2085559084,EUR
Food_ProductCost,MB-0039,2022-09-01,0.2477673273,EUR
Food_ProductCost,MB-0039,2022-12-01,0.2217105398,EUR
Food_ProductCost,MB-0039,2023-01-01,0.2131358346,EUR
Food_ProductCost,MB-0039,2023-02-01,0.2256552668,EUR
Food_ProductCost,MB-0039,2023-03-01,0.2096682674,EUR
Food_ProductCost,MB-0039,2023-04-01,0.2457104454,EUR
Food_ProductCost,MB-0039,2023-07-01,0.2077846722,EUR
Food_ProductCost,MB-0039,2023-09-01,0.2326666373,EUR
Food_ProductCost,MB-0039,2021-01-01,0.2983495713,USD
Food_ProductCost,MB-0039,2021-02-01,0.2962904443,USD
Food_ProductCost,MB-0039,2021-05-01,0.2566980968,USD
Food_ProductCost,MB-0039,2021-09-01,0.264825614,USD
Food_ProductCost,MB-0039,2021-10-01,0.2640311106,USD
Food_ProductCost,MB-0039,2022-02-01,0.2721496762,USD
Food_ProductCost,MB-0039,2022-03-01,0.3037788596,USD
Food_ProductCost,MB-0039,2022-04-01,0.3037274715,USD
Food_ProductCost,MB-0039,2022-06-01,0.2275733015,USD
Food_ProductCost,MB-0039,2022-10-01,0.2358818882,USD
Food_ProductCost,MB-0039,2022-11-01,0.2916556377,USD
Food_ProductCost,MB-0039,2023-05-01,0.2993061547,USD
Food_ProductCost,MB-0039,2023-06-01,0.2363955767,USD
Food_ProductCost,MB-0039,2023-08-01,0.2434636615,USD
Food_ProductCost,MB-0039,2023-10-01,0.2999147247,USD
Food_ProductCost,MB-0039,2023-11-01,0.2328597426,USD
Food_ProductCost,MB-0039,2023-12-01,0.2597593131,USD
Food_ProductCost,MB-0041,2021-05-01,6.0004203068,EUR
Food_ProductCost,MB-0041,2021-09-01,5.370583269,EUR
Food_ProductCost,MB-0041,2021-10-01,5.8164463476,EUR
Food_ProductCost,MB-0041,2022-01-01,5.3883044563,EUR
Food_ProductCost,MB-0041,2022-02-01,6.3076665749,EUR
Food_ProductCost,MB-0041,2022-04-01,5.9536272507,EUR
Food_ProductCost,MB-0041,2022-08-01,5.7664539248,EUR
Food_ProductCost,MB-0041,2022-10-01,4.9228620262,EUR
Food_ProductCost,MB-0041,2022-11-01,5.8261843666,EUR
Food_ProductCost,MB-0041,2022-12-01,5.3681602361,EUR
Food_ProductCost,MB-0041,2023-02-01,6.0294828721,EUR
Food_ProductCost,MB-0041,2023-05-01,6.1184575946,EUR
Food_ProductCost,MB-0041,2023-06-01,5.7712554975,EUR
Food_ProductCost,MB-0041,2023-08-01,4.7660006371,EUR
Food_ProductCost,MB-0041,2023-09-01,5.0462617501,EUR
Food_ProductCost,MB-0041,2023-10-01,5.8797497439,EUR
Food_ProductCost,MB-0041,2023-11-01,6.1975485752,EUR
Food_ProductCost,MB-0041,2021-01-01,5.242840089,USD
Food_ProductCost,MB-0041,2021-02-01,6.5027788103,USD
Food_ProductCost,MB-0041,2021-03-01,5.6863807287,USD
Food_ProductCost,MB-0041,2021-04-01,6.836063033,USD
Food_ProductCost,MB-0041,2021-06-01,5.8165770484,USD
Food_ProductCost,MB-0041,2021-07-01,6.5914214799,USD
Food_ProductCost,MB-0041,2021-08-01,5.5036806004,USD
Food_ProductCost,MB-0041,2021-11-01,5.1205958089,USD
Food_ProductCost,MB-0041,2021-12-01,6.8832179136,USD
Food_ProductCost,MB-0041,2022-03-01,6.4683127934,USD
Food_ProductCost,MB-0041,2022-05-01,6.7021572251,USD
Food_ProductCost,MB-0041,2022-06-01,5.2269493347,USD
Food_ProductCost,MB-0041,2022-07-01,6.6094935245,USD
Food_ProductCost,MB-0041,2022-09-01,5.5455400276,USD
Food_ProductCost,MB-0041,2023-01-01,5.5687541822,USD
Food_ProductCost,MB-0041,2023-03-01,5.3290833109,USD
Food_ProductCost,MB-0041,2023-04-01,5.939422328,USD
Food_ProductCost,MB-0041,2023-07-01,5.7112509894,USD
Food_ProductCost,MB-0041,2023-12-01,6.0593509704,USD
Food_ProductCost,MB-0042,2021-03-01,1.0993555177,EUR
Food_ProductCost,MB-0042,2021-08-01,1.0343934123,EUR
Food_ProductCost,MB-0042,2021-09-01,1.1056997465,EUR
Food_ProductCost,MB-0042,2021-10-01,1.0798140604,EUR
Food_ProductCost,MB-0042,2021-11-01,0.9652193632,EUR
Food_ProductCost,MB-0042,2022-02-01,1.0723536908,EUR
Food_ProductCost,MB-0042,2022-05-01,1.1721572149,EUR
Food_ProductCost,MB-0042,2022-07-01,1.1703768502,EUR
Food_ProductCost,MB-0042,2023-01-01,1.1827299272,EUR
Food_ProductCost,MB-0042,2023-04-01,1.0223746336,EUR
Food_ProductCost,MB-0042,2023-08-01,1.0329081412,EUR
Food_ProductCost,MB-0042,2021-01-01,1.1573859147,USD
Food_ProductCost,MB-0042,2021-02-01,1.1895014712,USD
Food_ProductCost,MB-0042,2021-04-01,1.0796140327,USD
Food_ProductCost,MB-0042,2021-05-01,1.0541607722,USD
Food_ProductCost,MB-0042,2021-06-01,1.2560609773,USD
Food_ProductCost,MB-0042,2021-07-01,1.2892255848,USD
Food_ProductCost,MB-0042,2021-12-01,1.1940832296,USD
Food_ProductCost,MB-0042,2022-01-01,1.1891114177,USD
Food_ProductCost,MB-0042,2022-03-01,0.9800048204,USD
Food_ProductCost,MB-0042,2022-04-01,1.1096145074,USD
Food_ProductCost,MB-0042,2022-06-01,1.0195337383,USD
Food_ProductCost,MB-0042,2022-08-01,1.180346922,USD
Food_ProductCost,MB-0042,2022-09-01,0.9663369371,USD
Food_ProductCost,MB-0042,2022-10-01,1.0989019571,USD
Food_ProductCost,MB-0042,2022-11-01,0.9792222681,USD
Food_ProductCost,MB-0042,2022-12-01,1.0190153983,USD
Food_ProductCost,MB-0042,2023-02-01,1.05916622,USD
Food_ProductCost,MB-0042,2023-03-01,1.1927274114,USD
Food_ProductCost,MB-0042,2023-05-01,1.2130448892,USD
Food_ProductCost,MB-0042,2023-06-01,1.142559255,USD
Food_ProductCost,MB-0042,2023-07-01,1.2741434936,USD
Food_ProductCost,MB-0042,2023-09-01,1.0680704927,USD
Food_ProductCost,MB-0042,2023-10-01,1.124419496,USD
Food_ProductCost,MB-0042,2023-11-01,1.2455123465,USD
Food_ProductCost,MB-0042,2023-12-01,1.0332714202,USD
Food_ProductCost,MB-0043,2021-01-01,0.9702261729,EUR
Food_ProductCost,MB-0043,2021-06-01,0.9724686921,EUR
Food_ProductCost,MB-0043,2021-09-01,0.9742037776,EUR
Food_ProductCost,MB-0043,2021-11-01,0.9348802499,EUR
Food_ProductCost,MB-0043,2021-12-01,0.8582483731,EUR
Food_ProductCost,MB-0043,2022-02-01,0.9314403101,EUR
Food_ProductCost,MB-0043,2022-03-01,1.0732595462,EUR
Food_ProductCost,MB-0043,2022-04-01,0.8442626972,EUR
Food_ProductCost,MB-0043,2022-05-01,0.8827272482,EUR
Food_ProductCost,MB-0043,2022-06-01,0.9579092369,EUR
Food_ProductCost,MB-0043,2022-07-01,1.0471960846,EUR
Food_ProductCost,MB-0043,2023-01-01,0.9587802697,EUR
Food_ProductCost,MB-0043,2023-02-01,1.1125885281,EUR
Food_ProductCost,MB-0043,2023-04-01,1.053402354,EUR
Food_ProductCost,MB-0043,2023-06-01,0.9642593663,EUR
Food_ProductCost,MB-0043,2023-10-01,1.1035118854,EUR
Food_ProductCost,MB-0043,2023-11-01,0.961082612,EUR
Food_ProductCost,MB-0043,2021-02-01,1.0899057595,USD
Food_ProductCost,MB-0043,2021-03-01,1.1472147361,USD
Food_ProductCost,MB-0043,2021-04-01,1.1933680529,USD
Food_ProductCost,MB-0043,2021-05-01,0.9419627255,USD
Food_ProductCost,MB-0043,2021-07-01,1.0843223324,USD
Food_ProductCost,MB-0043,2021-08-01,1.0447461605,USD
Food_ProductCost,MB-0043,2021-10-01,1.0826033447,USD
Food_ProductCost,MB-0043,2022-01-01,1.0251093301,USD
Food_ProductCost,MB-0043,2022-08-01,0.9648167,USD
Food_ProductCost,MB-0043,2022-09-01,1.1578610586,USD
Food_ProductCost,MB-0043,2022-10-01,1.0271954288,USD
Food_ProductCost,MB-0043,2022-11-01,1.0157362281,USD
Food_ProductCost,MB-0043,2022-12-01,1.1728972271,USD
Food_ProductCost,MB-0043,2023-03-01,1.1070452572,USD
Food_ProductCost,MB-0043,2023-05-01,0.9477885625,USD
Food_ProductCost,MB-0043,2023-07-01,1.0776724205,USD
Food_ProductCost,MB-0043,2023-08-01,0.9707620837,USD
Food_ProductCost,MB-0043,2023-09-01,0.9409187859,USD
Food_ProductCost,MB-0043,2023-12-01,0.9784559633,USD
Food_ProductCost,MB-0044,2021-01-01,1.0378018864,EUR
Food_ProductCost,MB-0044,2021-03-01,0.9539873596,EUR
Food_ProductCost,MB-0044,2021-04-01,1.0360426646,EUR
Food_ProductCost,MB-0044,2021-05-01,0.7930149663,EUR
Food_ProductCost,MB-0044,2021-07-01,0.8338636855,EUR
Food_ProductCost,MB-0044,2021-08-01,0.7844074928,EUR
Food_ProductCost,MB-0044,2021-10-01,0.9777662983,EUR
Food_ProductCost,MB-0044,2021-11-01,0.9775600541,EUR
Food_ProductCost,MB-0044,2022-01-01,0.8518496504,EUR
Food_ProductCost,MB-0044,2022-02-01,0.871887379,EUR
Food_ProductCost,MB-0044,2022-03-01,0.7777632752,EUR
Food_ProductCost,MB-0044,2022-05-01,1.0412985463,EUR
Food_ProductCost,MB-0044,2022-09-01,0.9662284915,EUR
Food_ProductCost,MB-0044,2022-12-01,0.9258239417,EUR
Food_ProductCost,MB-0044,2023-01-01,0.9012910266,EUR
Food_ProductCost,MB-0044,2023-03-01,0.8035009742,EUR
Food_ProductCost,MB-0044,2023-07-01,0.9489056352,EUR
Food_ProductCost,MB-0044,2023-08-01,0.8496178095,EUR
Food_ProductCost,MB-0044,2023-10-01,0.9585627649,EUR
Food_ProductCost,MB-0044,2023-11-01,0.8588963651,EUR
Food_ProductCost,MB-0044,2021-02-01,1.032436421,USD
Food_ProductCost,MB-0044,2021-06-01,1.0968451781,USD
Food_ProductCost,MB-0044,2021-09-01,1.0778306095,USD
Food_ProductCost,MB-0044,2021-12-01,0.9897237701,USD
Food_ProductCost,MB-0044,2022-04-01,1.0714915409,USD
Food_ProductCost,MB-0044,2022-06-01,1.0458438197,USD
Food_ProductCost,MB-0044,2022-07-01,0.9035428678,USD
Food_ProductCost,MB-0044,2022-08-01,0.8769767162,USD
Food_ProductCost,MB-0044,2022-10-01,0.9179252513,USD
Food_ProductCost,MB-0044,2022-11-01,1.1325295928,USD
Food_ProductCost,MB-0044,2023-02-01,0.9027842318,USD
Food_ProductCost,MB-0044,2023-04-01,0.8904041384,USD
Food_ProductCost,MB-0044,2023-05-01,1.0699883051,USD
Food_ProductCost,MB-0044,2023-06-01,0.8925632666,USD
Food_ProductCost,MB-0044,2023-09-01,1.094552807,USD
Food_ProductCost,MB-0044,2023-12-01,0.9545582163,USD
Food_ProductCost,MB-0045,2021-03-01,1.2733553299,EUR
Food_ProductCost,MB-0045,2021-07-01,1.3740326125,EUR
Food_ProductCost,MB-0045,2021-08-01,1.1943982494,EUR
Food_ProductCost,MB-0045,2021-11-01,1.1799078843,EUR
Food_ProductCost,MB-0045,2022-01-01,1.3583409906,EUR
Food_ProductCost,MB-0045,2022-02-01,1.579918801,EUR
Food_ProductCost,MB-0045,2022-04-01,1.247690514,EUR
Food_ProductCost,MB-0045,2022-10-01,1.3943812377,EUR
Food_ProductCost,MB-0045,2022-11-01,1.440599038,EUR
Food_ProductCost,MB-0045,2022-12-01,1.3711924743,EUR
Food_ProductCost,MB-0045,2023-01-01,1.5221738115,EUR
Food_ProductCost,MB-0045,2023-04-01,1.3812996431,EUR
Food_ProductCost,MB-0045,2023-07-01,1.3094112529,EUR
Food_ProductCost,MB-0045,2023-11-01,1.2238557733,EUR
Food_ProductCost,MB-0045,2021-01-01,1.6919840493,USD
Food_ProductCost,MB-0045,2021-02-01,1.4980375576,USD
Food_ProductCost,MB-0045,2021-04-01,1.7001115019,USD
Food_ProductCost,MB-0045,2021-05-01,1.5899890333,USD
Food_ProductCost,MB-0045,2021-06-01,1.4218553479,USD
Food_ProductCost,MB-0045,2021-09-01,1.3017767147,USD
Food_ProductCost,MB-0045,2021-10-01,1.38423988,USD
Food_ProductCost,MB-0045,2021-12-01,1.5860251455,USD
Food_ProductCost,MB-0045,2022-03-01,1.7390178806,USD
Food_ProductCost,MB-0045,2022-05-01,1.4122740982,USD
Food_ProductCost,MB-0045,2022-06-01,1.657619908,USD
Food_ProductCost,MB-0045,2022-07-01,1.5605766581,USD
Food_ProductCost,MB-0045,2022-08-01,1.4814979979,USD
Food_ProductCost,MB-0045,2022-09-01,1.7113955164,USD
Food_ProductCost,MB-0045,2023-02-01,1.316073362,USD
Food_ProductCost,MB-0045,2023-03-01,1.7408874982,USD
Food_ProductCost,MB-0045,2023-05-01,1.556785286,USD
Food_ProductCost,MB-0045,2023-06-01,1.3583969549,USD
Food_ProductCost,MB-0045,2023-08-01,1.3961985515,USD
Food_ProductCost,MB-0045,2023-09-01,1.4858689281,USD
Food_ProductCost,MB-0045,2023-10-01,1.5111968654,USD
Food_ProductCost,MB-0045,2023-12-01,1.5113736205,USD
Food_ProductCost,MB-0047,2021-01-01,1.9122021775,EUR
Food_ProductCost,MB-0047,2021-02-01,1.7641798076,EUR
Food_ProductCost,MB-0047,2021-03-01,1.6096571763,EUR
Food_ProductCost,MB-0047,2021-04-01,1.5058510333,EUR
Food_ProductCost,MB-0047,2021-06-01,1.852970129,EUR
Food_ProductCost,MB-0047,2021-07-01,1.7815320363,EUR
Food_ProductCost,MB-0047,2021-08-01,1.8401684949,EUR
Food_ProductCost,MB-0047,2021-10-01,1.8634970166,EUR
Food_ProductCost,MB-0047,2021-11-01,1.4495154693,EUR
Food_ProductCost,MB-0047,2021-12-01,1.4778271994,EUR
Food_ProductCost,MB-0047,2022-02-01,1.8809619337,EUR
Food_ProductCost,MB-0047,2022-03-01,1.4402079671,EUR
Food_ProductCost,MB-0047,2022-06-01,1.5928221018,EUR
Food_ProductCost,MB-0047,2022-07-01,1.6293748758,EUR
Food_ProductCost,MB-0047,2022-09-01,1.7075699118,EUR
Food_ProductCost,MB-0047,2022-10-01,1.7962641469,EUR
Food_ProductCost,MB-0047,2022-12-01,1.795253741,EUR
Food_ProductCost,MB-0047,2023-02-01,1.4751897384,EUR
Food_ProductCost,MB-0047,2023-03-01,1.6938102488,EUR
Food_ProductCost,MB-0047,2023-04-01,1.5998311985,EUR
Food_ProductCost,MB-0047,2023-07-01,1.7113033073,EUR
Food_ProductCost,MB-0047,2023-10-01,1.83791513,EUR
Food_ProductCost,MB-0047,2023-11-01,1.5571039184,EUR
Food_ProductCost,MB-0047,2021-05-01,1.5677506075,USD
Food_ProductCost,MB-0047,2021-09-01,1.5882796162,USD
Food_ProductCost,MB-0047,2022-01-01,1.7419085312,USD
Food_ProductCost,MB-0047,2022-04-01,1.8979372458,USD
Food_ProductCost,MB-0047,2022-05-01,1.6649939333,USD
Food_ProductCost,MB-0047,2022-08-01,1.5689115044,USD
Food_ProductCost,MB-0047,2022-11-01,1.9051609384,USD
Food_ProductCost,MB-0047,2023-01-01,1.9526225301,USD
Food_ProductCost,MB-0047,2023-05-01,1.952731379,USD
Food_ProductCost,MB-0047,2023-06-01,1.8264187559,USD
Food_ProductCost,MB-0047,2023-08-01,1.7530122943,USD
Food_ProductCost,MB-0047,2023-09-01,1.6787468224,USD
Food_ProductCost,MB-0047,2023-12-01,1.8344446806,USD
Food_ProductCost,MB-0048,2021-02-01,2.0772734011,EUR
Food_ProductCost,MB-0048,2021-03-01,2.0727018381,EUR
Food_ProductCost,MB-0048,2021-07-01,1.9125978767,EUR
Food_ProductCost,MB-0048,2021-08-01,1.8718925566,EUR
Food_ProductCost,MB-0048,2021-11-01,1.7416157939,EUR
Food_ProductCost,MB-0048,2021-12-01,1.6439381938,EUR
Food_ProductCost,MB-0048,2022-05-01,1.6830643799,EUR
Food_ProductCost,MB-0048,2022-08-01,2.0525348644,EUR
Food_ProductCost,MB-0048,2022-09-01,1.8092920886,EUR
Food_ProductCost,MB-0048,2022-10-01,1.5737898554,EUR
Food_ProductCost,MB-0048,2022-11-01,1.6995260457,EUR
Food_ProductCost,MB-0048,2022-12-01,1.7736896962,EUR
Food_ProductCost,MB-0048,2023-01-01,1.716900861,EUR
Food_ProductCost,MB-0048,2023-02-01,1.9280007201,EUR
Food_ProductCost,MB-0048,2023-03-01,2.0137907416,EUR
Food_ProductCost,MB-0048,2023-06-01,1.5874083675,EUR
Food_ProductCost,MB-0048,2023-08-01,2.0249523377,EUR
Food_ProductCost,MB-0048,2023-09-01,1.7131655746,EUR
Food_ProductCost,MB-0048,2023-10-01,2.0600416367,EUR
Food_ProductCost,MB-0048,2023-11-01,1.6692564759,EUR
Food_ProductCost,MB-0048,2023-12-01,1.7017683669,EUR
Food_ProductCost,MB-0048,2021-01-01,1.7787791749,USD
Food_ProductCost,MB-0048,2021-04-01,1.9648484688,USD
Food_ProductCost,MB-0048,2021-05-01,2.2064616567,USD
Food_ProductCost,MB-0048,2021-06-01,2.1895032118,USD
Food_ProductCost,MB-0048,2021-09-01,1.931003978,USD
Food_ProductCost,MB-0048,2021-10-01,2.0097338402,USD
Food_ProductCost,MB-0048,2022-01-01,1.8513725663,USD
Food_ProductCost,MB-0048,2022-02-01,2.2928536163,USD
Food_ProductCost,MB-0048,2022-03-01,1.7484795198,USD
Food_ProductCost,MB-0048,2022-04-01,1.8080024148,USD
Food_ProductCost,MB-0048,2022-06-01,2.0556566168,USD
Food_ProductCost,MB-0048,2022-07-01,1.9154055991,USD
Food_ProductCost,MB-0048,2023-04-01,2.2816608247,USD
Food_ProductCost,MB-0048,2023-05-01,2.1754777651,USD
Food_ProductCost,MB-0048,2023-07-01,2.1816514591,USD
Food_ProductCost,MB-0049,2021-01-01,1.8319361985,EUR
Food_ProductCost,MB-0049,2021-03-01,2.0534373932,EUR
Food_ProductCost,MB-0049,2021-09-01,1.6962478882,EUR
Food_ProductCost,MB-0049,2021-10-01,1.8385653098,EUR
Food_ProductCost,MB-0049,2021-11-01,1.5899814716,EUR
Food_ProductCost,MB-0049,2021-12-01,2.0490337797,EUR
Food_ProductCost,MB-0049,2022-03-01,1.8217296894,EUR
Food_ProductCost,MB-0049,2022-07-01,1.5903310552,EUR
Food_ProductCost,MB-0049,2022-10-01,1.5941316239,EUR
Food_ProductCost,MB-0049,2022-11-01,1.7911854269,EUR
Food_ProductCost,MB-0049,2022-12-01,1.8443767708,EUR
Food_ProductCost,MB-0049,2023-01-01,1.8269482556,EUR
Food_ProductCost,MB-0049,2023-02-01,2.0063024387,EUR
Food_ProductCost,MB-0049,2023-06-01,1.8094075719,EUR
Food_ProductCost,MB-0049,2023-09-01,1.9957417214,EUR
Food_ProductCost,MB-0049,2023-11-01,1.5482544077,EUR
Food_ProductCost,MB-0049,2023-12-01,2.0083461048,EUR
Food_ProductCost,MB-0049,2021-02-01,1.7148557021,USD
Food_ProductCost,MB-0049,2021-04-01,1.7394060423,USD
Food_ProductCost,MB-0049,2021-05-01,2.1019857433,USD
Food_ProductCost,MB-0049,2021-06-01,2.1697610999,USD
Food_ProductCost,MB-0049,2021-07-01,2.0680839082,USD
Food_ProductCost,MB-0049,2021-08-01,2.0148609119,USD
Food_ProductCost,MB-0049,2022-01-01,1.9359760564,USD
Food_ProductCost,MB-0049,2022-02-01,2.1553128938,USD
Food_ProductCost,MB-0049,2022-04-01,2.0235817279,USD
Food_ProductCost,MB-0049,2022-05-01,1.9888324922,USD
Food_ProductCost,MB-0049,2022-06-01,2.0053194368,USD
Food_ProductCost,MB-0049,2022-08-01,2.1862871896,USD
Food_ProductCost,MB-0049,2022-09-01,2.1544041272,USD
Food_ProductCost,MB-0049,2023-03-01,2.0460587977,USD
Food_ProductCost,MB-0049,2023-04-01,2.2590183907,USD
Food_ProductCost,MB-0049,2023-05-01,1.937835369,USD
Food_ProductCost,MB-0049,2023-07-01,1.6979008385,USD
Food_ProductCost,MB-0049,2023-08-01,2.141475882,USD
Food_ProductCost,MB-0049,2023-10-01,2.1618123839,USD
Food_ProductCost,MB-0051,2021-02-01,3.264759821,EUR
Food_ProductCost,MB-0051,2021-04-01,3.5140197233,EUR
Food_ProductCost,MB-0051,2021-06-01,3.4349723061,EUR
Food_ProductCost,MB-0051,2021-09-01,3.1531738934,EUR
Food_ProductCost,MB-0051,2021-10-01,3.1564984601,EUR
Food_ProductCost,MB-0051,2022-01-01,3.010418451,EUR
Food_ProductCost,MB-0051,2022-03-01,3.1999283347,EUR
Food_ProductCost,MB-0051,2022-04-01,3.2768916198,EUR
Food_ProductCost,MB-0051,2022-06-01,3.5864103852,EUR
Food_ProductCost,MB-0051,2022-07-01,3.464015666,EUR
Food_ProductCost,MB-0051,2022-08-01,2.8928670514,EUR
Food_ProductCost,MB-0051,2022-09-01,2.9877318408,EUR
Food_ProductCost,MB-0051,2022-10-01,3.2040467057,EUR
Food_ProductCost,MB-0051,2023-01-01,3.5255285728,EUR
Food_ProductCost,MB-0051,2023-02-01,3.4317561477,EUR
Food_ProductCost,MB-0051,2023-04-01,3.518604059,EUR
Food_ProductCost,MB-0051,2023-05-01,3.0294101989,EUR
Food_ProductCost,MB-0051,2023-06-01,3.2171962507,EUR
Food_ProductCost,MB-0051,2023-07-01,3.2344566709,EUR
Food_ProductCost,MB-0051,2023-12-01,3.152337526,EUR
Food_ProductCost,MB-0051,2021-01-01,3.2100316855,USD
Food_ProductCost,MB-0051,2021-03-01,3.8794155756,USD
Food_ProductCost,MB-0051,2021-05-01,3.9577338272,USD
Food_ProductCost,MB-0051,2021-07-01,3.4937268256,USD
Food_ProductCost,MB-0051,2021-08-01,3.2480766797,USD
Food_ProductCost,MB-0051,2021-11-01,3.0303050683,USD
Food_ProductCost,MB-0051,2021-12-01,3.8103321729,USD
Food_ProductCost,MB-0051,2022-02-01,3.3973800322,USD
Food_ProductCost,MB-0051,2022-05-01,3.3330325749,USD
Food_ProductCost,MB-0051,2022-11-01,2.9764465227,USD
Food_ProductCost,MB-0051,2022-12-01,3.3923346247,USD
Food_ProductCost,MB-0051,2023-03-01,3.9288926069,USD
Food_ProductCost,MB-0051,2023-08-01,3.3846939321,USD
Food_ProductCost,MB-0051,2023-09-01,3.0394120634,USD
Food_ProductCost,MB-0051,2023-10-01,3.7267157669,USD
Food_ProductCost,MB-0051,2023-11-01,2.9665072104,USD
Food_ProductCost,MB-0060,2021-01-01,8.2111815786,EUR
Food_ProductCost,MB-0060,2021-06-01,8.3971802312,EUR
Food_ProductCost,MB-0060,2021-07-01,9.327711458,EUR
Food_ProductCost,MB-0060,2021-08-01,9.1841037469,EUR
Food_ProductCost,MB-0060,2021-10-01,8.1344295535,EUR
Food_ProductCost,MB-0060,2021-11-01,7.6393446029,EUR
Food_ProductCost,MB-0060,2021-12-01,9.2236928053,EUR
Food_ProductCost,MB-0060,2022-01-01,8.5383402217,EUR
Food_ProductCost,MB-0060,2022-03-01,6.9968435809,EUR
Food_ProductCost,MB-0060,2022-07-01,7.37882239,EUR
Food_ProductCost,MB-0060,2022-08-01,7.4464471799,EUR
Food_ProductCost,MB-0060,2022-09-01,9.1862697284,EUR
Food_ProductCost,MB-0060,2022-10-01,8.488941607,EUR
Food_ProductCost,MB-0060,2023-01-01,9.3185533448,EUR
Food_ProductCost,MB-0060,2023-02-01,9.2385031897,EUR
Food_ProductCost,MB-0060,2023-05-01,8.944529305,EUR
Food_ProductCost,MB-0060,2023-06-01,8.4868639672,EUR
Food_ProductCost,MB-0060,2023-08-01,8.7711023707,EUR
Food_ProductCost,MB-0060,2023-10-01,9.1079951432,EUR
Food_ProductCost,MB-0060,2021-02-01,8.6651889401,USD
Food_ProductCost,MB-0060,2021-03-01,9.7357434366,USD
Food_ProductCost,MB-0060,2021-04-01,9.0835319016,USD
Food_ProductCost,MB-0060,2021-05-01,9.48175534,USD
Food_ProductCost,MB-0060,2021-09-01,8.8692066809,USD
Food_ProductCost,MB-0060,2022-02-01,8.0403598183,USD
Food_ProductCost,MB-0060,2022-04-01,9.5015799683,USD
Food_ProductCost,MB-0060,2022-05-01,8.1933224916,USD
Food_ProductCost,MB-0060,2022-06-01,10.2759499013,USD
Food_ProductCost,MB-0060,2022-11-01,9.6355622287,USD
Food_ProductCost,MB-0060,2022-12-01,9.1345226593,USD
Food_ProductCost,MB-0060,2023-03-01,10.1562149021,USD
Food_ProductCost,MB-0060,2023-04-01,9.0410798198,USD
Food_ProductCost,MB-0060,2023-07-01,7.9650341016,USD
Food_ProductCost,MB-0060,2023-09-01,9.9132980348,USD
Food_ProductCost,MB-0060,2023-11-01,9.7896687782,USD
Food_ProductCost,MB-0060,2023-12-01,9.1835709782,USD
